FusionGene	Gene1	Gene1_Chromosome	Gene1_StartPosition	Gene1_EndPosition	Gene2	Gene2_Chromosome	Gene2_StartPosition	Gene2_EndPosition	Gene3	Gene3_Chromosome	Gene3_StartPosition	Gene3_EndPosition
ENSG00000009830.13-ENSG00000087258.16	ENSG00000009830.13	chr14	77298690	77301019	ENSG00000087258.16	chr16	56334730	56346435				
ENSG00000010671.18-ENSG00000183629.14-ENSG00000186115.13	ENSG00000010671.18	chrX	101359294	101386179	ENSG00000183629.14	chr15	28519616	28529005	ENSG00000186115.13	chr19	15892387.0	15898062.0
ENSG00000011275.19-ENSG00000165383.12-ENSG00000247572.9	ENSG00000011275.19	chr7	5761004	5781672	ENSG00000165383.12	chr10	48909481	48939759	ENSG00000247572.9	chr5	81237566.0	81250783.0
ENSG00000013375.17-ENSG00000225127.4	ENSG00000013375.17	chr6	83182846	83193229	ENSG00000225127.4	chr20	21092810	21102320				
ENSG00000020256.20-ENSG00000136444.10	ENSG00000020256.20	chr20	52096809	52104748	ENSG00000136444.10	chr17	50483341	50484834				
ENSG00000024422.12-ENSG00000130511.16	ENSG00000024422.12	chr19	47726170	47731406	ENSG00000130511.16	chr19	18427753	18431672				
ENSG00000025708.14-ENSG00000227188.1	ENSG00000025708.14	chr22	50528513	50529997	ENSG00000227188.1	chr22	39475808	39476531				
ENSG00000048740.19-ENSG00000225830.16	ENSG00000048740.19	chr10	11005325	11314216	ENSG00000225830.16	chr10	49454169	49471614				
ENSG00000050748.18-ENSG00000253908.1	ENSG00000050748.18	chr5	180280441	180280569	ENSG00000253908.1	chr5	180257681	180258207				
ENSG00000058673.17-ENSG00000058673.17	ENSG00000058673.17	chr1	203798847	203850660	ENSG00000058673.17	chr1	203798847	203850660				
ENSG00000060339.14-ENSG00000228451.5	ENSG00000060339.14	chr10	68721217	68742501	ENSG00000228451.5	chr8	26375914	26381815				
ENSG00000064787.14-ENSG00000064787.14	ENSG00000064787.14	chr20	53995893	53996031	ENSG00000064787.14	chr20	53995893	53996031				
ENSG00000065665.21-ENSG00000065665.21	ENSG00000065665.21	chr10	12129678	12164396	ENSG00000065665.21	chr10	12129678	12164396				
ENSG00000068097.16-ENSG00000196586.17-ENSG00000143228.13	ENSG00000068097.16	chr17	60076131	60078786	ENSG00000196586.17	chr6	75870648	75890113	ENSG00000143228.13	chr1	163266577.0	163336762.0
ENSG00000069329.18-ENSG00000034053.15-ENSG00000077782.23	ENSG00000069329.18	chr16	46681378	46689151	ENSG00000034053.15	chr15	28995754	29053926	ENSG00000077782.23	chr8	38423314.0	38428417.0
ENSG00000069329.18-ENSG00000253327.2	ENSG00000069329.18	chr16	46682883	46689153	ENSG00000253327.2	chr8	116874425	116875935				
ENSG00000070413.20-ENSG00000206739.1	ENSG00000070413.20	chr22	19056987	19057026	ENSG00000206739.1	chr22	19045257	19045319				
ENSG00000072609.18-ENSG00000278949.1	ENSG00000072609.18	chr12	132872286	132887364	ENSG00000278949.1	chr12	132865856	132866911				
ENSG00000073536.18-ENSG00000073536.18	ENSG00000073536.18	chr17	35137544	35142273	ENSG00000073536.18	chr17	35137544	35142273				
ENSG00000074211.14-ENSG00000074211.14	ENSG00000074211.14	chr4	6378408	6381789	ENSG00000074211.14	chr4	6378408	6381789				
ENSG00000074219.14-ENSG00000236172.7	ENSG00000074219.14	chr19	49359436	49362389	ENSG00000236172.7	chr2	6633839	6635622				
ENSG00000076554.16-ENSG00000197462.3-ENSG00000141576.16	ENSG00000076554.16	chr8	80051528	80080528	ENSG00000197462.3	chr7	125917872	125933820	ENSG00000141576.16	chr17	76142475.0	76167078.0
ENSG00000077684.16-ENSG00000223768.4	ENSG00000077684.16	chr4	128809704	128846490	ENSG00000223768.4	chr21	45288038	45291218				
ENSG00000078699.22-ENSG00000078699.22	ENSG00000078699.22	chr20	33562335	33607045	ENSG00000078699.22	chr20	33562335	33607045				
ENSG00000082641.16-ENSG00000251573.2-ENSG00000235257.11	ENSG00000082641.16	chr17	48048774	48057109	ENSG00000251573.2	chr5	50969218	50969275	ENSG00000235257.11	chr3	37808469.0	37834924.0
ENSG00000085978.22-ENSG00000085978.22	ENSG00000085978.22	chr2	233251702	233265044	ENSG00000085978.22	chr2	233251702	233265044				
ENSG00000087053.20-ENSG00000222578.1	ENSG00000087053.20	chr11	95888157	95910755	ENSG00000222578.1	chr11	95840018	95840034				
ENSG00000087266.17-ENSG00000147854.17	ENSG00000087266.17	chr4	2832346	2832923	ENSG00000147854.17	chr9	6497050	6498105				
ENSG00000089094.20-ENSG00000094631.22-ENSG00000186409.19	ENSG00000089094.20	chr12	121578803	121580036	ENSG00000094631.22	chrX	48822913	48824697	ENSG00000186409.19	chr1	42539174.0	42545458.0
ENSG00000089169.15-ENSG00000283507.1	ENSG00000089169.15	chr12	112575234	112792254	ENSG00000283507.1	chr12	112695035	112695086				
ENSG00000090061.17-ENSG00000090061.17	ENSG00000090061.17	chr14	99481413	99493592	ENSG00000090061.17	chr14	99481413	99493592				
ENSG00000090061.17-ENSG00000205476.9	ENSG00000090061.17	chr14	99481170	99493562	ENSG00000205476.9	chr14	99500191	99522201				
ENSG00000090565.17-ENSG00000167207.15	ENSG00000090565.17	chr16	510454	510641	ENSG00000167207.15	chr16	50731748	50732567				
ENSG00000095066.12-ENSG00000172270.22	ENSG00000095066.12	chr19	12766104	12768039	ENSG00000172270.22	chr19	582307	582820				
ENSG00000095261.14-ENSG00000281649.3	ENSG00000095261.14	chr9	120821356	120842886	ENSG00000281649.3	chr9	37086669	37087147				
ENSG00000095303.17-ENSG00000233616.2	ENSG00000095303.17	chr9	122375323	122378534	ENSG00000233616.2	chr9	122400971	122402876				
ENSG00000095981.11-ENSG00000164627.18	ENSG00000095981.11	chr6	39316783	39322372	ENSG00000164627.18	chr6	39329991	39345738				
ENSG00000096063.16-ENSG00000096063.16	ENSG00000096063.16	chr6	35870282	35921138	ENSG00000096063.16	chr6	35870282	35921138				
ENSG00000096093.16-ENSG00000096093.16	ENSG00000096093.16	chr6	52420306	52454230	ENSG00000096093.16	chr6	52420306	52454230				
ENSG00000100075.10-ENSG00000100034.14	ENSG00000100075.10	chr22	19176847	19178727	ENSG00000100034.14	chr22	21919428	21934079				
ENSG00000100413.17-ENSG00000189306.11	ENSG00000100413.17	chr22	41544429	41544454	ENSG00000189306.11	chr22	42514678	42514716				
ENSG00000100479.14-ENSG00000100479.14	ENSG00000100479.14	chr14	49651270	49651280	ENSG00000100479.14	chr14	49651270	49651280				
ENSG00000101158.15-ENSG00000101266.19	ENSG00000101158.15	chr20	58981209	58986115	ENSG00000101266.19	chr20	504167	508471				
ENSG00000101444.13-ENSG00000101444.13	ENSG00000101444.13	chr20	34294082	34311508	ENSG00000101444.13	chr20	34294082	34311508				
ENSG00000102001.13-ENSG00000102001.13	ENSG00000102001.13	chrX	49222930	49222954	ENSG00000102001.13	chrX	49222930	49222954				
ENSG00000102312.24-ENSG00000221910.3-ENSG00000237037.9	ENSG00000102312.24	chrX	48509032	48514350	ENSG00000221910.3	chr7	143935234	143936150	ENSG00000237037.9	chr22	42124876.0	42124953.0
ENSG00000102317.18-ENSG00000131089.17	ENSG00000102317.18	chrX	48574537	48575184	ENSG00000131089.17	chrX	63635016	63706428				
ENSG00000102743.16-ENSG00000207652.1	ENSG00000102743.16	chr13	40789612	40810159	ENSG00000207652.1	chr13	40810767	40810786				
ENSG00000102977.18-ENSG00000233445.1-ENSG00000251249.2	ENSG00000102977.18	chr16	67657513	67658941	ENSG00000233445.1	chr2	233721523	233721888	ENSG00000251249.2	chr4	151956191.0	151957246.0
ENSG00000103415.12-ENSG00000103160.12	ENSG00000103415.12	chr16	4496147	4509430	ENSG00000103160.12	chr16	84122142	84123387				
ENSG00000103540.17-ENSG00000103544.17	ENSG00000103540.17	chr16	19523943	19552010	ENSG00000103544.17	chr16	19575099	19579096				
ENSG00000104343.21-ENSG00000066827.16	ENSG00000104343.21	chr8	73830382	73830435	ENSG00000066827.16	chr8	134477793	134637601				
ENSG00000104738.19-ENSG00000104738.19	ENSG00000104738.19	chr8	47969687	47970024	ENSG00000104738.19	chr8	47969687	47970024				
ENSG00000104907.13-ENSG00000278916.1-ENSG00000267448.6	ENSG00000104907.13	chr19	13112706	13116687	ENSG00000278916.1	chr12	94460004	94460471	ENSG00000267448.6	chr19	3296766.0	3306878.0
ENSG00000104957.14-ENSG00000104518.11	ENSG00000104957.14	chr19	13731768	13757825	ENSG00000104518.11	chr8	143558683	143561752				
ENSG00000105011.9-ENSG00000125755.19	ENSG00000105011.9	chr19	14121533	14136400	ENSG00000125755.19	chr19	45848764	45852376				
ENSG00000105339.11-ENSG00000022567.10	ENSG00000105339.11	chr8	141128622	141141275	ENSG00000022567.10	chr8	141207167	141215826				
ENSG00000105372.8-ENSG00000214078.13-ENSG00000283103.5	ENSG00000105372.8	chr19	41860279	41861150	ENSG00000214078.13	chr20	35630909	35632809	ENSG00000283103.5	chr19	58310353.0	58313011.0
ENSG00000105613.10-ENSG00000164011.18	ENSG00000105613.10	chr19	12847426	12852344	ENSG00000164011.18	chr1	42849556	42851697				
ENSG00000105711.14-ENSG00000105063.19	ENSG00000105711.14	chr19	35031302	35031408	ENSG00000105063.19	chr19	55229781	55232702				
ENSG00000105819.15-ENSG00000214097.5-ENSG00000143633.13	ENSG00000105819.15	chr7	103297421	103298678	ENSG00000214097.5	chr3	196506880	196509594	ENSG00000143633.13	chr1	231223764.0	231241133.0
ENSG00000105889.16-ENSG00000075303.13	ENSG00000105889.16	chr7	22492393	22500138	ENSG00000075303.13	chr7	87833569	87860574				
ENSG00000106070.20-ENSG00000106070.20	ENSG00000106070.20	chr7	50780628	50781352	ENSG00000106070.20	chr7	50780628	50781352				
ENSG00000106617.15-ENSG00000155511.19	ENSG00000106617.15	chr7	151876508	151876566	ENSG00000155511.19	chr5	153811026	153811436				
ENSG00000106628.13-ENSG00000136297.15	ENSG00000106628.13	chr7	44117585	44123530	ENSG00000136297.15	chr7	4909735	4920217				
ENSG00000106692.15-ENSG00000082898.19	ENSG00000106692.15	chr9	105573654	105596642	ENSG00000082898.19	chr2	61477690	61478609				
ENSG00000106829.21-ENSG00000228714.4	ENSG00000106829.21	chr9	79572639	79573741	ENSG00000228714.4	chr9	115324933	115741520				
ENSG00000107872.14-ENSG00000107874.11	ENSG00000107872.14	chr10	102419815	102421110	ENSG00000107874.11	chr10	102423246	102423977				
ENSG00000108094.17-ENSG00000085788.14	ENSG00000108094.17	chr10	35025133	35035436	ENSG00000085788.14	chr8	38245743	38249738				
ENSG00000108231.14-ENSG00000108231.14	ENSG00000108231.14	chr10	93757939	93757942	ENSG00000108231.14	chr10	93757939	93757942				
ENSG00000108312.16-ENSG00000260793.4	ENSG00000108312.16	chr17	44215907	44218426	ENSG00000260793.4	chr17	44221370	44222888				
ENSG00000108576.10-ENSG00000132002.9	ENSG00000108576.10	chr17	30203173	30203217	ENSG00000132002.9	chr19	14514784	14529257				
ENSG00000108604.18-ENSG00000240280.7	ENSG00000108604.18	chr17	63835413	63837480	ENSG00000240280.7	chr17	63854797	63862402				
ENSG00000109184.15-ENSG00000109184.15	ENSG00000109184.15	chr4	51843062	51843231	ENSG00000109184.15	chr4	51843062	51843231				
ENSG00000109654.16-ENSG00000288637.1	ENSG00000109654.16	chr4	153204464	153324112	ENSG00000288637.1	chr4	153294306	153414820				
ENSG00000109736.15-ENSG00000109113.20-ENSG00000213024.13	ENSG00000109736.15	chr4	2932601	2933860	ENSG00000109113.20	chr17	28714285	28716010	ENSG00000213024.13	chr19	49907707.0	49907955.0
ENSG00000109861.17-ENSG00000213619.11	ENSG00000109861.17	chr11	88337502	88337667	ENSG00000213619.11	chr11	47580526	47580902				
ENSG00000109971.14-ENSG00000095209.12	ENSG00000109971.14	chr11	123057490	123062104	ENSG00000095209.12	chr9	105748074	105775394				
ENSG00000110002.16-ENSG00000237250.3	ENSG00000110002.16	chr11	124115405	124123454	ENSG00000237250.3	chr1	237862176	237927253				
ENSG00000110514.20-ENSG00000256746.5	ENSG00000110514.20	chr11	47269675	47275977	ENSG00000256746.5	chr11	47270658	47270902				
ENSG00000110777.12-ENSG00000189145.7	ENSG00000110777.12	chr11	111404622	111449936	ENSG00000189145.7	chrX	40907988	40908016				
ENSG00000110881.12-ENSG00000261427.6	ENSG00000110881.12	chr12	50073576	50080523	ENSG00000261427.6	chr16	19172761	19173521				
ENSG00000111300.10-ENSG00000139197.11	ENSG00000111300.10	chr12	112047666	112108721	ENSG00000139197.11	chr12	7199012	7210067				
ENSG00000111725.11-ENSG00000111725.11	ENSG00000111725.11	chr12	119668165	119671506	ENSG00000111725.11	chr12	119668165	119671506				
ENSG00000111727.12-ENSG00000111596.14	ENSG00000111727.12	chr12	104090924	104097667	ENSG00000111596.14	chr12	70310896	70329468				
ENSG00000111961.19-ENSG00000217824.1	ENSG00000111961.19	chr6	148513438	148514360	ENSG00000217824.1	chr6	148567379	148567387				
ENSG00000112078.14-ENSG00000112078.14	ENSG00000112078.14	chr6	36443013	36443033	ENSG00000112078.14	chr6	36443013	36443033				
ENSG00000112280.18-ENSG00000253809.1	ENSG00000112280.18	chr6	70234795	70282965	ENSG00000253809.1	chr6	70222759	70242057				
ENSG00000112473.19-ENSG00000112473.19	ENSG00000112473.19	chr6	33200827	33203094	ENSG00000112473.19	chr6	33200827	33203094				
ENSG00000113494.17-ENSG00000198917.13	ENSG00000113494.17	chr5	35230269	35230423	ENSG00000198917.13	chr9	128822799	128824123				
ENSG00000113569.16-ENSG00000145675.16	ENSG00000113569.16	chr5	37341091	37370671	ENSG00000145675.16	chr5	68296172	68296635				
ENSG00000113648.17-ENSG00000079215.15	ENSG00000113648.17	chr5	135370037	135399073	ENSG00000079215.15	chr5	36679628	36679719				
ENSG00000113758.14-ENSG00000284906.3-ENSG00000147041.12	ENSG00000113758.14	chr5	177460433	177473459	ENSG00000284906.3	chr15	30634171	30768946	ENSG00000147041.12	chrX	38108601.0	38127682.0
ENSG00000114302.17-ENSG00000114374.13	ENSG00000114302.17	chr3	48807650	48847457	ENSG00000114374.13	chrY	12709389	12859888				
ENSG00000114638.8-ENSG00000121578.13	ENSG00000114638.8	chr3	119173601	119190298	ENSG00000121578.13	chr3	119211733	119216278				
ENSG00000114786.16-ENSG00000260995.3-ENSG00000165806.21	ENSG00000114786.16	chr3	51975062	51978341	ENSG00000260995.3	chr9	79135423	79135836	ENSG00000165806.21	chr10	113726306.0	113730612.0
ENSG00000114867.22-ENSG00000275389.1-ENSG00000184584.14	ENSG00000114867.22	chr3	184314607	184315545	ENSG00000275389.1	chr12	124085762	124087617	ENSG00000184584.14	chr5	139475772.0	139475779.0
ENSG00000114942.14-ENSG00000114942.14	ENSG00000114942.14	chr2	206159637	206160991	ENSG00000114942.14	chr2	206159637	206160991				
ENSG00000115652.15-ENSG00000228363.2	ENSG00000115652.15	chr2	106100774	106104818	ENSG00000228363.2	chr2	86562847	86617346				
ENSG00000116044.17-ENSG00000116044.17	ENSG00000116044.17	chr2	177230670	177392592	ENSG00000116044.17	chr2	177230670	177392592				
ENSG00000117481.11-ENSG00000117481.11	ENSG00000117481.11	chr1	46341188	46352989	ENSG00000117481.11	chr1	46341188	46352989				
ENSG00000117523.18-ENSG00000227372.12	ENSG00000117523.18	chr1	171485552	171522232	ENSG00000227372.12	chr1	3737194	3740009				
ENSG00000117758.14-ENSG00000159176.14	ENSG00000117758.14	chr1	27773220	27810274	ENSG00000159176.14	chr1	201483533	201492415				
ENSG00000119314.16-ENSG00000226711.9	ENSG00000119314.16	chr9	112224134	112333565	ENSG00000226711.9	chr12	8188473	8216013				
ENSG00000119537.18-ENSG00000086300.17	ENSG00000119537.18	chr18	63367012	63367047	ENSG00000086300.17	chr7	26371822	26374164				
ENSG00000119682.18-ENSG00000119682.18	ENSG00000119682.18	chr14	74667320	74713039	ENSG00000119682.18	chr14	74667320	74713039				
ENSG00000119720.18-ENSG00000245910.9-ENSG00000108465.15	ENSG00000119720.18	chr14	90286355	90331844	ENSG00000245910.9	chr8	66920562	66922629	ENSG00000108465.15	chr17	47973932.0	47974103.0
ENSG00000119899.13-ENSG00000146223.16	ENSG00000119899.13	chr6	73636622	73653935	ENSG00000146223.16	chr6	42880862	42881292				
ENSG00000120708.17-ENSG00000120708.17	ENSG00000120708.17	chr5	136047325	136049550	ENSG00000120708.17	chr5	136047325	136049550				
ENSG00000121281.13-ENSG00000188801.9	ENSG00000121281.13	chr16	50304395	50309141	ENSG00000188801.9	chr9	97198304	97199358				
ENSG00000121653.11-ENSG00000119686.10-ENSG00000167395.10	ENSG00000121653.11	chr11	45901934	45902049	ENSG00000119686.10	chr14	75579585	75663196	ENSG00000167395.10	chr16	31075903.0	31077140.0
ENSG00000122218.17-ENSG00000120438.12	ENSG00000122218.17	chr1	160293167	160343190	ENSG00000120438.12	chr6	159778988	159780539				
ENSG00000122741.16-ENSG00000232454.2	ENSG00000122741.16	chr9	37800798	37842193	ENSG00000232454.2	chr9	37836045	37836244				
ENSG00000125124.14-ENSG00000125124.14	ENSG00000125124.14	chr16	56502674	56520042	ENSG00000125124.14	chr16	56502674	56520042				
ENSG00000125257.16-ENSG00000289887.1	ENSG00000125257.16	chr13	95075433	95148957	ENSG00000289887.1	chr13	95273964	95278186				
ENSG00000125898.13-ENSG00000234948.2	ENSG00000125898.13	chr20	833716	833873	ENSG00000234948.2	chr20	52621863	52650282				
ENSG00000125912.11-ENSG00000158445.10	ENSG00000125912.11	chr19	3206423	3206425	ENSG00000158445.10	chr20	49451334	49481937				
ENSG00000126217.22-ENSG00000126217.22	ENSG00000126217.22	chr13	112968501	113045298	ENSG00000126217.22	chr13	112968501	113045298				
ENSG00000126858.19-ENSG00000266282.1	ENSG00000126858.19	chr17	32211117	32225130	ENSG00000266282.1	chr17	32227891	32227937				
ENSG00000127054.22-ENSG00000127054.22	ENSG00000127054.22	chr1	1320457	1320503	ENSG00000127054.22	chr1	1320457	1320503				
ENSG00000128268.12-ENSG00000128268.12	ENSG00000128268.12	chr22	39477514	39486185	ENSG00000128268.12	chr22	39477514	39486185				
ENSG00000130396.22-ENSG00000096070.19-ENSG00000104218.16	ENSG00000130396.22	chr6	167915402	167918906	ENSG00000096070.19	chr6	36213881	36230525	ENSG00000104218.16	chr8	67172417.0	67195810.0
ENSG00000130702.15-ENSG00000228812.9	ENSG00000130702.15	chr20	62351910	62351980	ENSG00000228812.9	chr20	62356193	62356228				
ENSG00000130714.19-ENSG00000151694.15-ENSG00000185798.8	ENSG00000130714.19	chr9	131502951	131518885	ENSG00000151694.15	chr2	9499439	9526195	ENSG00000185798.8	chr3	196554195.0	196554390.0
ENSG00000130985.17-ENSG00000224975.1	ENSG00000130985.17	chrX	47191424	47199088	ENSG00000224975.1	chrX	47204922	47205505				
ENSG00000131037.15-ENSG00000125503.13	ENSG00000131037.15	chr19	55084466	55085934	ENSG00000125503.13	chr19	55090915	55091864				
ENSG00000131771.14-ENSG00000131771.14	ENSG00000131771.14	chr17	39629375	39629987	ENSG00000131771.14	chr17	39629375	39629987				
ENSG00000131781.13-ENSG00000250166.4	ENSG00000131781.13	chr1	147208853	147225327	ENSG00000250166.4	chr12	22409274	22468808				
ENSG00000131828.14-ENSG00000131828.14	ENSG00000131828.14	chrX	19343921	19358982	ENSG00000131828.14	chrX	19343921	19358982				
ENSG00000132003.10-ENSG00000078699.22-ENSG00000067596.12	ENSG00000132003.10	chr19	13817700	13823461	ENSG00000078699.22	chr20	33644348	33647210	ENSG00000067596.12	chr17	43490392.0	43490409.0
ENSG00000132122.12-ENSG00000179082.4	ENSG00000132122.12	chr1	48355446	48359629	ENSG00000179082.4	chr9	129321017	129321514				
ENSG00000132155.14-ENSG00000290072.1	ENSG00000132155.14	chr3	12584848	12663987	ENSG00000290072.1	chr3	12664311	12664388				
ENSG00000132600.18-ENSG00000259797.1	ENSG00000132600.18	chr16	68311064	68357139	ENSG00000259797.1	chr16	68318745	68318859				
ENSG00000134020.8-ENSG00000248538.10	ENSG00000134020.8	chr8	22927585	22941333	ENSG00000248538.10	chr8	9189349	9202802				
ENSG00000134326.12-ENSG00000170262.13-ENSG00000062485.19	ENSG00000134326.12	chr2	6861185	6865700	ENSG00000170262.13	chr21	32311685	32311714	ENSG00000062485.19	chr12	56286192.0	56291725.0
ENSG00000134460.19-ENSG00000251922.1	ENSG00000134460.19	chr10	6012846	6062194	ENSG00000251922.1	chr10	6017055	6017194				
ENSG00000134802.18-ENSG00000246273.9	ENSG00000134802.18	chr11	57426041	57427067	ENSG00000246273.9	chr11	9780377	9808103				
ENSG00000134802.18-ENSG00000252070.1	ENSG00000134802.18	chr11	57427063	57427085	ENSG00000252070.1	chr11	57450184	57450239				
ENSG00000134905.17-ENSG00000229586.2-ENSG00000225626.4	ENSG00000134905.17	chr13	110713138	110713196	ENSG00000229586.2	chr17	20481331	20483232	ENSG00000225626.4	chr9	69819828.0	69820267.0
ENSG00000135241.17-ENSG00000225612.2	ENSG00000135241.17	chr7	108502492	108526151	ENSG00000225612.2	chr7	155267529	155270837				
ENSG00000135679.27-ENSG00000135679.27	ENSG00000135679.27	chr12	68809213	68816882	ENSG00000135679.27	chr12	68809213	68816882				
ENSG00000136826.15-ENSG00000136826.15	ENSG00000136826.15	chr9	107484855	107489343	ENSG00000136826.15	chr9	107484855	107489343				
ENSG00000137074.20-ENSG00000130714.19	ENSG00000137074.20	chr9	32985972	33001610	ENSG00000130714.19	chr9	131522933	131523037				
ENSG00000137251.16-ENSG00000268416.1-ENSG00000242197.2	ENSG00000137251.16	chr6	54307967	54320618	ENSG00000268416.1	chr19	20746924	20748467	ENSG00000242197.2	chr4	40491734.0	40492000.0
ENSG00000137814.12-ENSG00000261822.1	ENSG00000137814.12	chr15	42559385	42561606	ENSG00000261822.1	chr15	42567032	42569880				
ENSG00000137860.12-ENSG00000036672.16-ENSG00000261821.2	ENSG00000137860.12	chr15	45252235	45253511	ENSG00000036672.16	chr11	119372979	119373515	ENSG00000261821.2	chr15	74365663.0	74366978.0
ENSG00000137941.17-ENSG00000137941.17	ENSG00000137941.17	chr1	83920524	83999020	ENSG00000137941.17	chr1	83920524	83999020				
ENSG00000138002.16-ENSG00000235267.1	ENSG00000138002.16	chr2	27446261	27489646	ENSG00000235267.1	chr2	27455157	27455784				
ENSG00000138101.20-ENSG00000144589.22	ENSG00000138101.20	chr2	25388262	25481653	ENSG00000144589.22	chr2	219601236	219601765				
ENSG00000138115.15-ENSG00000145216.17-ENSG00000172922.11	ENSG00000138115.15	chr10	95067530	95069452	ENSG00000145216.17	chr4	53379074	53461081	ENSG00000172922.11	chr11	65717710.0	65720305.0
ENSG00000139151.16-ENSG00000255648.1	ENSG00000139151.16	chr12	18713738	18738052	ENSG00000255648.1	chr12	18714796	18737593				
ENSG00000140105.18-ENSG00000224233.1	ENSG00000140105.18	chr14	100375512	100375559	ENSG00000224233.1	chr6	29181511	29182067				
ENSG00000140332.18-ENSG00000163216.7	ENSG00000140332.18	chr15	70055050	70055065	ENSG00000163216.7	chr1	153039849	153040728				
ENSG00000140465.15-ENSG00000140465.15	ENSG00000140465.15	chr15	74721592	74725519	ENSG00000140465.15	chr15	74721592	74725519				
ENSG00000141449.16-ENSG00000166401.15	ENSG00000141449.16	chr18	21242260	21477200	ENSG00000166401.15	chr18	63970120	63986629				
ENSG00000141556.22-ENSG00000197265.9-ENSG00000188227.14	ENSG00000141556.22	chr17	82939043	82941453	ENSG00000197265.9	chr8	30584504	30607102	ENSG00000188227.14	chr19	37507219.0	37534631.0
ENSG00000142156.16-ENSG00000237945.9	ENSG00000142156.16	chr21	45987110	45987624	ENSG00000237945.9	chr21	33931164	33938240				
ENSG00000142675.18-ENSG00000200839.1	ENSG00000142675.18	chr1	26177513	26185087	ENSG00000200839.1	chr1	51973411	51973526				
ENSG00000143494.16-ENSG00000143494.16	ENSG00000143494.16	chr1	212950636	212950680	ENSG00000143494.16	chr1	212950636	212950680				
ENSG00000143569.19-ENSG00000143569.19	ENSG00000143569.19	chr1	154242931	154251046	ENSG00000143569.19	chr1	154242931	154251046				
ENSG00000143630.10-ENSG00000170634.13	ENSG00000143630.10	chr1	155282539	155282609	ENSG00000170634.13	chr2	53970839	53975301				
ENSG00000143669.16-ENSG00000206803.1	ENSG00000143669.16	chr1	235883188	235883319	ENSG00000206803.1	chr1	235915416	235915521				
ENSG00000143801.18-ENSG00000163050.18	ENSG00000143801.18	chr1	226899366	226917633	ENSG00000163050.18	chr1	226985255	226986959				
ENSG00000143891.17-ENSG00000132300.19	ENSG00000143891.17	chr2	38681296	38741159	ENSG00000132300.19	chr2	86133179	86134859				
ENSG00000143933.20-ENSG00000143933.20	ENSG00000143933.20	chr2	47162287	47176903	ENSG00000143933.20	chr2	47162287	47176903				
ENSG00000144320.14-ENSG00000168280.18	ENSG00000144320.14	chr2	175937469	175938441	ENSG00000168280.18	chr2	148997265	148998062				
ENSG00000145734.20-ENSG00000183476.13-ENSG00000225092.2	ENSG00000145734.20	chr5	71522794	71524074	ENSG00000183476.13	chr15	78100900	78104034	ENSG00000225092.2	chr6	7184509.0	7184894.0
ENSG00000145901.16-ENSG00000119535.19	ENSG00000145901.16	chr5	151042897	151080894	ENSG00000119535.19	chr1	36479004	36482886				
ENSG00000145901.16-ENSG00000158987.22	ENSG00000145901.16	chr5	151056767	151087136	ENSG00000158987.22	chr5	131436291	131453126				
ENSG00000145907.16-ENSG00000082805.21-ENSG00000166747.13	ENSG00000145907.16	chr5	151771895	151803945	ENSG00000082805.21	chr12	1183282	1492628	ENSG00000166747.13	chr16	71773256.0	71774556.0
ENSG00000146143.19-ENSG00000181523.13-ENSG00000140853.17	ENSG00000146143.19	chr6	57317629	57383418	ENSG00000181523.13	chr17	80214856	80217117	ENSG00000140853.17	chr16	57031405.0	57047748.0
ENSG00000146282.19-ENSG00000153291.16	ENSG00000146282.19	chr6	87518170	87524988	ENSG00000153291.16	chr6	46668710	46676778				
ENSG00000146809.14-ENSG00000072571.20-ENSG00000130714.19	ENSG00000146809.14	chr7	123601860	123616234	ENSG00000072571.20	chr5	163483269	163491145	ENSG00000130714.19	chr9	131518446.0	131523195.0
ENSG00000147140.17-ENSG00000147140.17	ENSG00000147140.17	chrX	71283636	71300246	ENSG00000147140.17	chrX	71283636	71300246				
ENSG00000147434.9-ENSG00000164953.17	ENSG00000147434.9	chr8	42755847	42768705	ENSG00000164953.17	chr8	93815306	93816402				
ENSG00000147573.17-ENSG00000049759.20-ENSG00000203734.13	ENSG00000147573.17	chr8	66127044	66137100	ENSG00000049759.20	chr18	58350992	58396702	ENSG00000203734.13	chr6	138868104.0	138870266.0
ENSG00000148308.18-ENSG00000260840.2-ENSG00000093072.19	ENSG00000148308.18	chr9	133055860	133057977	ENSG00000260840.2	chr2	85064109	85066381	ENSG00000093072.19	chr22	17179302.0	17181237.0
ENSG00000148362.11-ENSG00000169583.13	ENSG00000148362.11	chr9	136992448	136993628	ENSG00000169583.13	chr9	136994609	136995232				
ENSG00000148386.10-ENSG00000148386.10	ENSG00000148386.10	chr9	135663310	135665704	ENSG00000148386.10	chr9	135663310	135665704				
ENSG00000148604.15-ENSG00000100811.15	ENSG00000148604.15	chr10	84245080	84259153	ENSG00000100811.15	chr14	100262305	100276545				
ENSG00000148655.15-ENSG00000165629.20	ENSG00000148655.15	chr10	76324402	76557213	ENSG00000165629.20	chr10	7796122	7796228				
ENSG00000149273.15-ENSG00000262898.5	ENSG00000149273.15	chr11	75400693	75405626	ENSG00000262898.5	chr17	83199653	83199999				
ENSG00000149599.16-ENSG00000131044.19	ENSG00000149599.16	chr20	31864954	31870649	ENSG00000131044.19	chr20	31871123	31942996				
ENSG00000149657.20-ENSG00000101182.15	ENSG00000149657.20	chr20	62122483	62130251	ENSG00000101182.15	chr20	62136734	62137381				
ENSG00000150753.12-ENSG00000264860.1	ENSG00000150753.12	chr5	10249930	10263209	ENSG00000264860.1	chr17	73187840	73196545				
ENSG00000151322.20-ENSG00000249858.2-ENSG00000164543.7	ENSG00000151322.20	chr14	32934397	33778497	ENSG00000249858.2	chr4	76344551	76344972	ENSG00000164543.7	chr7	43619598.0	43619684.0
ENSG00000151812.15-ENSG00000239650.4-ENSG00000100744.15	ENSG00000151812.15	chr14	57581215	57866023	ENSG00000239650.4	chr6	57919785	57929072	ENSG00000100744.15	chr14	96379689.0	96380016.0
ENSG00000151967.18-ENSG00000255248.11	ENSG00000151967.18	chr3	159839939	159866260	ENSG00000255248.11	chr11	122028390	122064487				
ENSG00000152223.16-ENSG00000152229.18	ENSG00000152223.16	chr18	45952401	45967224	ENSG00000152229.18	chr18	45983537	46072242				
ENSG00000153201.17-ENSG00000153201.17	ENSG00000153201.17	chr2	108733291	108734181	ENSG00000153201.17	chr2	108733291	108734181				
ENSG00000154856.13-ENSG00000154856.13	ENSG00000154856.13	chr18	10454983	10471677	ENSG00000154856.13	chr18	10454983	10471677				
ENSG00000156076.10-ENSG00000180879.14	ENSG00000156076.10	chr12	65055119	65066647	ENSG00000180879.14	chrX	153796435	153797497				
ENSG00000156113.25-ENSG00000156113.25	ENSG00000156113.25	chr10	76969975	77637604	ENSG00000156113.25	chr10	76969975	77637604				
ENSG00000157911.11-ENSG00000149527.18	ENSG00000157911.11	chr1	2409679	2409734	ENSG00000149527.18	chr1	2425981	2479738				
ENSG00000157916.20-ENSG00000205835.9	ENSG00000157916.20	chr1	2391891	2403748	ENSG00000205835.9	chr3	190852738	190860759				
ENSG00000159256.13-ENSG00000224924.9	ENSG00000159256.13	chr21	36361837	36364238	ENSG00000224924.9	chr21	20742500	20803186				
ENSG00000159593.15-ENSG00000258122.1	ENSG00000159593.15	chr16	66821447	66830887	ENSG00000258122.1	chr16	66841434	66841528				
ENSG00000159917.17-ENSG00000125730.18	ENSG00000159917.17	chr19	44303391	44304998	ENSG00000125730.18	chr19	6712281	6712406				
ENSG00000160058.19-ENSG00000160058.19	ENSG00000160058.19	chr1	32378216	32394429	ENSG00000160058.19	chr1	32378216	32394429				
ENSG00000160191.18-ENSG00000277243.1	ENSG00000160191.18	chr21	42653750	42699029	ENSG00000277243.1	chr15	21406386	21406393				
ENSG00000160633.13-ENSG00000199470.1	ENSG00000160633.13	chr19	5664727	5668342	ENSG00000199470.1	chr7	12700759	12700811				
ENSG00000160752.15-ENSG00000160752.15	ENSG00000160752.15	chr1	155318189	155318922	ENSG00000160752.15	chr1	155318189	155318922				
ENSG00000160781.17-ENSG00000160781.17	ENSG00000160781.17	chr1	156247958	156248078	ENSG00000160781.17	chr1	156247958	156248078				
ENSG00000161513.12-ENSG00000172782.13	ENSG00000161513.12	chr17	74866132	74872955	ENSG00000172782.13	chr17	74877303	74882641				
ENSG00000161996.19-ENSG00000161996.19	ENSG00000161996.19	chr16	656434	656832	ENSG00000161996.19	chr16	656434	656832				
ENSG00000162383.13-ENSG00000162383.13	ENSG00000162383.13	chr1	53087185	53089839	ENSG00000162383.13	chr1	53087185	53089839				
ENSG00000162643.13-ENSG00000266110.1	ENSG00000162643.13	chr1	85126554	85128799	ENSG00000266110.1	chr1	85133795	85133807				
ENSG00000162882.15-ENSG00000288886.2	ENSG00000162882.15	chr2	42767596	42792493	ENSG00000288886.2	chr2	42794350	42795015				
ENSG00000163357.11-ENSG00000241472.8-ENSG00000109182.12	ENSG00000163357.11	chr1	155033830	155033833	ENSG00000241472.8	chr3	62261007	62318871	ENSG00000109182.12	chr4	48994620.0	49061842.0
ENSG00000163568.16-ENSG00000233473.2	ENSG00000163568.16	chr1	159065911	159140475	ENSG00000233473.2	chr1	159081134	159081159				
ENSG00000163814.8-ENSG00000226877.9	ENSG00000163814.8	chr3	45146207	45146242	ENSG00000226877.9	chr9	83837053	83837511				
ENSG00000163913.14-ENSG00000274814.1	ENSG00000163913.14	chr3	129440135	129495589	ENSG00000274814.1	chr15	28494976	28495089				
ENSG00000163930.10-ENSG00000010318.22	ENSG00000163930.10	chr3	52407400	52408005	ENSG00000010318.22	chr3	52410661	52423518				
ENSG00000164091.12-ENSG00000199150.3	ENSG00000164091.12	chr3	52260386	52278255	ENSG00000199150.3	chr3	52268279	52268331				
ENSG00000164117.14-ENSG00000164118.13	ENSG00000164117.14	chr4	174283411	174283487	ENSG00000164118.13	chr4	174302040	174303792				
ENSG00000164733.22-ENSG00000164733.22	ENSG00000164733.22	chr8	11850867	11868037	ENSG00000164733.22	chr8	11850867	11868037				
ENSG00000164756.13-ENSG00000081985.14-ENSG00000184619.8	ENSG00000164756.13	chr8	117134809	117152951	ENSG00000081985.14	chr1	67367826	67395902	ENSG00000184619.8	chr17	8358823.0	8376539.0
ENSG00000164924.18-ENSG00000066557.6-ENSG00000228784.9	ENSG00000164924.18	chr8	100948664	100952592	ENSG00000066557.6	chr1	70144806	70155706	ENSG00000228784.9	chr2	19880488.0	19882242.0
ENSG00000164924.18-ENSG00000242315.3	ENSG00000164924.18	chr8	100920588	100951501	ENSG00000242315.3	chr8	100957884	100958087				
ENSG00000165046.13-ENSG00000272159.1	ENSG00000165046.13	chr8	38404414	38407430	ENSG00000272159.1	chr8	38408049	38408667				
ENSG00000165060.15-ENSG00000270236.1	ENSG00000165060.15	chr9	69036034	69072943	ENSG00000270236.1	chr9	69107927	69108022				
ENSG00000165304.8-ENSG00000289987.1	ENSG00000165304.8	chr9	36572898	36572941	ENSG00000289987.1	chr9	107488559	107489269				
ENSG00000165533.19-ENSG00000165533.19	ENSG00000165533.19	chr14	88824657	88872401	ENSG00000165533.19	chr14	88824657	88872401				
ENSG00000166348.20-ENSG00000165868.16	ENSG00000166348.20	chr10	73545539	73575544	ENSG00000165868.16	chr10	116700955	116705245				
ENSG00000166348.20-ENSG00000166348.20	ENSG00000166348.20	chr10	73504851	73505025	ENSG00000166348.20	chr10	73504851	73505025				
ENSG00000166770.12-ENSG00000279405.1	ENSG00000166770.12	chr19	56477875	56494342	ENSG00000279405.1	chr19	56480398	56480437				
ENSG00000166851.15-ENSG00000206560.12-ENSG00000091651.9	ENSG00000166851.15	chr16	23678972	23681054	ENSG00000206560.12	chr3	15676597	15677564	ENSG00000091651.9	chr16	46693094.0	46694054.0
ENSG00000166855.9-ENSG00000138698.15-ENSG00000198246.10	ENSG00000166855.9	chr15	65184367	65184406	ENSG00000138698.15	chr4	98421256	98442048	ENSG00000198246.10	chr10	71361955.0	71362067.0
ENSG00000167257.11-ENSG00000081692.13	ENSG00000167257.11	chr11	117232626	117238687	ENSG00000081692.13	chr1	227731192	227732964				
ENSG00000167291.16-ENSG00000275516.1	ENSG00000167291.16	chr17	79942061	80035824	ENSG00000275516.1	chr17	79952664	79952983				
ENSG00000167393.18_PAR_Y-ENSG00000237040.6_PAR_Y	ENSG00000167393.18_PAR_Y	chrY	373533	373660	ENSG00000237040.6_PAR_Y	chrY	57062157	57062360				
ENSG00000167419.11-ENSG00000005381.9	ENSG00000167419.11	chr17	58252183	58252359	ENSG00000005381.9	chr17	58269856	58279846				
ENSG00000167588.13-ENSG00000110887.8	ENSG00000167588.13	chr12	50104009	50108031	ENSG00000110887.8	chr12	108890209	108900418				
ENSG00000167670.16-ENSG00000167670.16	ENSG00000167670.16	chr19	4402703	4408886	ENSG00000167670.16	chr19	4402703	4408886				
ENSG00000167900.12-ENSG00000232411.1-ENSG00000165644.11	ENSG00000167900.12	chr17	78174092	78186947	ENSG00000232411.1	chr2	165833049	165837030	ENSG00000165644.11	chr10	75233985.0	75234087.0
ENSG00000168214.22-ENSG00000038219.13	ENSG00000168214.22	chr4	26321229	26386355	ENSG00000038219.13	chr4	13568739	13620034				
ENSG00000168310.12-ENSG00000168310.12	ENSG00000168310.12	chr4	184428979	184448502	ENSG00000168310.12	chr4	184428979	184448502				
ENSG00000168556.7-ENSG00000063978.17	ENSG00000168556.7	chr4	183506083	183510502	ENSG00000063978.17	chr4	2490338	2500673				
ENSG00000168619.16-ENSG00000101003.12-ENSG00000088035.18	ENSG00000168619.16	chr8	39584624	39584662	ENSG00000101003.12	chr20	25391009	25446845	ENSG00000088035.18	chr1	63428454.0	63436980.0
ENSG00000168675.19-ENSG00000102898.13-ENSG00000163209.15	ENSG00000168675.19	chr18	13611765	13645471	ENSG00000102898.13	chr16	67865103	67870822	ENSG00000163209.15	chr1	153001947.0	153002076.0
ENSG00000168676.11-ENSG00000198677.13-ENSG00000140853.17	ENSG00000168676.11	chr16	67299364	67326720	ENSG00000198677.13	chr5	95462725	95498420	ENSG00000140853.17	chr16	57046553.0	57082576.0
ENSG00000169499.15-ENSG00000253645.1	ENSG00000169499.15	chr8	38950554	38952268	ENSG00000253645.1	chr8	38970361	38970422				
ENSG00000169862.21-ENSG00000169862.21	ENSG00000169862.21	chr5	11411537	11903178	ENSG00000169862.21	chr5	11411537	11903178				
ENSG00000169903.7-ENSG00000169903.7	ENSG00000169903.7	chr3	149474698	149474991	ENSG00000169903.7	chr3	149474698	149474991				
ENSG00000170231.16-ENSG00000231530.1-ENSG00000088298.13	ENSG00000170231.16	chr5	160229507	160229624	ENSG00000231530.1	chr13	42043728	42044154	ENSG00000088298.13	chr20	35115365.0	35142409.0
ENSG00000170448.12-ENSG00000003393.16-ENSG00000145916.19	ENSG00000170448.12	chr4	47885499	47914577	ENSG00000003393.16	chr2	201700568	201709978	ENSG00000145916.19	chr5	178142584.0	178149935.0
ENSG00000170873.19-ENSG00000109339.24	ENSG00000170873.19	chr8	124567072	124568463	ENSG00000109339.24	chr4	86016534	86354545				
ENSG00000170954.12-ENSG00000183137.15	ENSG00000170954.12	chr19	53115211	53132877	ENSG00000183137.15	chr6	109155792	109155908				
ENSG00000171109.19-ENSG00000174306.22-ENSG00000155307.19	ENSG00000171109.19	chr3	179362359	179365210	ENSG00000174306.22	chr20	41204629	41269029	ENSG00000155307.19	chr21	14485229.0	14521218.0
ENSG00000171766.17-ENSG00000166145.15	ENSG00000171766.17	chr15	45376602	45378066	ENSG00000166145.15	chr15	40855802	40856881				
ENSG00000172179.13-ENSG00000271913.9	ENSG00000172179.13	chr6	22302761	22302793	ENSG00000271913.9	chr6	159027145	159042359				
ENSG00000172339.10-ENSG00000071894.17-ENSG00000088280.20	ENSG00000172339.10	chr1	95064867	95072796	ENSG00000071894.17	chr8	144393230	144394294	ENSG00000088280.20	chr1	23451480.0	23451483.0
ENSG00000172404.5-ENSG00000226024.1	ENSG00000172404.5	chr22	40859550	40861405	ENSG00000226024.1	chr22	39120294	39120479				
ENSG00000172965.17-ENSG00000242736.1-ENSG00000157426.14	ENSG00000172965.17	chr2	111346671	111346738	ENSG00000242736.1	chr7	142299178	142299424	ENSG00000157426.14	chr4	56355301.0	56378278.0
ENSG00000173166.18-ENSG00000137807.16	ENSG00000173166.18	chr2	203454431	203535137	ENSG00000137807.16	chr15	69422327	69447803				
ENSG00000173285.5-ENSG00000198965.5	ENSG00000173285.5	chr1	158461835	158466531	ENSG00000198965.5	chr1	158479939	158480123				
ENSG00000173638.19-ENSG00000109339.24-ENSG00000199977.1	ENSG00000173638.19	chr21	45512363	45515091	ENSG00000109339.24	chr4	86016492	86016754	ENSG00000199977.1	chr18	21817625.0	21817627.0
ENSG00000175334.8-ENSG00000066322.15-ENSG00000189326.5	ENSG00000175334.8	chr11	66002783	66003361	ENSG00000066322.15	chr1	43364577	43365611	ENSG00000189326.5	chrX	143034026.0	143034143.0
ENSG00000175426.11-ENSG00000137497.19	ENSG00000175426.11	chr5	96432084	96432112	ENSG00000137497.19	chr11	72019602	72019608				
ENSG00000175984.15-ENSG00000259555.1	ENSG00000175984.15	chr1	114587388	114670033	ENSG00000259555.1	chr15	78627886	78627905				
ENSG00000176261.16-ENSG00000200591.1	ENSG00000176261.16	chr1	32650434	32650472	ENSG00000200591.1	chr1	32639952	32639956				
ENSG00000176623.12-ENSG00000176623.12	ENSG00000176623.12	chr8	86474821	86508494	ENSG00000176623.12	chr8	86474821	86508494				
ENSG00000176915.15-ENSG00000176915.15	ENSG00000176915.15	chr12	132728033	132730428	ENSG00000176915.15	chr12	132728033	132730428				
ENSG00000177192.14-ENSG00000177192.14	ENSG00000177192.14	chr12	131929243	131939257	ENSG00000177192.14	chr12	131929243	131939257				
ENSG00000177731.16-ENSG00000256422.8-ENSG00000084623.12	ENSG00000177731.16	chr17	18245239	18245946	ENSG00000256422.8	chr11	104538673	104544783	ENSG00000084623.12	chr1	32230928.0	32231559.0
ENSG00000178028.14-ENSG00000178028.14	ENSG00000178028.14	chr1	44213484	44214736	ENSG00000178028.14	chr1	44213484	44214736				
ENSG00000178997.12-ENSG00000289083.1	ENSG00000178997.12	chr15	41217124	41230743	ENSG00000289083.1	chr15	30427081	30427679				
ENSG00000179523.7-ENSG00000235519.3-ENSG00000179046.9	ENSG00000179523.7	chr15	44534508	44536321	ENSG00000235519.3	chr2	81461363	81462640	ENSG00000179046.9	chr4	188105414.0	188105488.0
ENSG00000179818.17-ENSG00000179818.17	ENSG00000179818.17	chr2	70018016	70086993	ENSG00000179818.17	chr2	70018016	70086993				
ENSG00000179912.21-ENSG00000199251.1-ENSG00000241369.6	ENSG00000179912.21	chr12	57280462	57295444	ENSG00000199251.1	chr2	207680534	207680606	ENSG00000241369.6	chr3	163177251.0	163177618.0
ENSG00000180304.14-ENSG00000105856.14	ENSG00000180304.14	chr15	64690375	64703052	ENSG00000105856.14	chr7	107182374	107201601				
ENSG00000181192.12-ENSG00000187720.15-ENSG00000003393.16	ENSG00000181192.12	chr10	12118780	12118864	ENSG00000187720.15	chr15	71215036	71215223	ENSG00000003393.16	chr2	201700567.0	201744351.0
ENSG00000181523.13-ENSG00000197566.10	ENSG00000181523.13	chr17	80215034	80220255	ENSG00000197566.10	chr17	16620735	16647364				
ENSG00000182621.18-ENSG00000124155.19	ENSG00000182621.18	chr20	8114454	8646142	ENSG00000124155.19	chr20	45420602	45421575				
ENSG00000182752.10-ENSG00000228486.11-ENSG00000141456.16	ENSG00000182752.10	chr9	116332433	116332447	ENSG00000228486.11	chr2	97670591	97671482	ENSG00000141456.16	chr17	4683035.0	4690924.0
ENSG00000182796.16-ENSG00000243667.7-ENSG00000231851.6	ENSG00000182796.16	chr12	55830829	55831274	ENSG00000243667.7	chr2	68147468	68147480	ENSG00000231851.6	chr2	105097061.0	105097221.0
ENSG00000183696.14-ENSG00000244485.1-ENSG00000173113.7	ENSG00000183696.14	chr7	48089377	48094791	ENSG00000244485.1	chr16	76235056	76235188	ENSG00000173113.7	chr11	64316695.0	64317242.0
ENSG00000184363.10-ENSG00000185187.13	ENSG00000184363.10	chr11	394244	394512	ENSG00000185187.13	chr11	405717	406490				
ENSG00000184599.14-ENSG00000184599.14	ENSG00000184599.14	chr1	112718906	112726863	ENSG00000184599.14	chr1	112718906	112726863				
ENSG00000184708.18-ENSG00000221963.6	ENSG00000184708.18	chr22	31444439	31449358	ENSG00000221963.6	chr22	35656380	35661441				
ENSG00000185000.12-ENSG00000254755.1	ENSG00000185000.12	chr8	144317785	144318718	ENSG00000254755.1	chr11	76591024	76591040				
ENSG00000185442.13-ENSG00000128510.12-ENSG00000163930.10	ENSG00000185442.13	chr15	92617449	92655637	ENSG00000128510.12	chr7	130300817	130305865	ENSG00000163930.10	chr3	52405812.0	52407415.0
ENSG00000185664.15-ENSG00000251584.2	ENSG00000185664.15	chr12	55961318	55966004	ENSG00000251584.2	chr4	174522618	174540720				
ENSG00000186153.18-ENSG00000186153.18	ENSG00000186153.18	chr16	78099680	78278630	ENSG00000186153.18	chr16	78099680	78278630				
ENSG00000186153.18-ENSG00000276007.1	ENSG00000186153.18	chr16	78099627	78164232	ENSG00000276007.1	chr16	78123244	78123711				
ENSG00000186487.21-ENSG00000138380.18	ENSG00000186487.21	chr2	1887489	2331254	ENSG00000138380.18	chr2	202961238	202974348				
ENSG00000186510.12-ENSG00000186510.12	ENSG00000186510.12	chr1	16021031	16021492	ENSG00000186510.12	chr1	16021031	16021492				
ENSG00000186566.13-ENSG00000161920.11	ENSG00000186566.13	chr17	44474830	44503367	ENSG00000161920.11	chr17	4731429	4733524				
ENSG00000186704.9-ENSG00000265479.7	ENSG00000186704.9	chr7	76978618	77004236	ENSG00000265479.7	chr7	77015673	77023728				
ENSG00000187037.9-ENSG00000196335.13	ENSG00000187037.9	chr7	37683873	37741008	ENSG00000196335.13	chr7	23754316	23754324				
ENSG00000187498.16-ENSG00000154240.18-ENSG00000039560.14	ENSG00000187498.16	chr13	110195024	110307061	ENSG00000154240.18	chr17	65715035	65903182	ENSG00000039560.14	chr5	34803713.0	34807808.0
ENSG00000187630.18-ENSG00000187630.18	ENSG00000187630.18	chr14	23988930	24005956	ENSG00000187630.18	chr14	23988930	24005956				
ENSG00000188186.11-ENSG00000284776.1	ENSG00000188186.11	chr7	100149360	100149480	ENSG00000284776.1	chr20	18593732	18744171				
ENSG00000188321.14-ENSG00000276043.5	ENSG00000188321.14	chr19	9324232	9338519	ENSG00000276043.5	chr19	4910877	4960939				
ENSG00000196433.13-ENSG00000086758.17	ENSG00000196433.13	chrX	1615176	1642826	ENSG00000086758.17	chrX	53647442	53648304				
ENSG00000196510.14-ENSG00000184716.14	ENSG00000196510.14	chr12	110381753	110381789	ENSG00000184716.14	chr15	43796731	43799074				
ENSG00000196549.13-ENSG00000162302.13-ENSG00000137707.14	ENSG00000196549.13	chr3	155083945	155172546	ENSG00000162302.13	chr11	64368705	64371519	ENSG00000137707.14	chr11	111494816.0	111512314.0
ENSG00000196839.14-ENSG00000143198.13-ENSG00000167881.15	ENSG00000196839.14	chr20	44629048	44651172	ENSG00000143198.13	chr1	165653834	165655584	ENSG00000167881.15	chr17	76039105.0	76039846.0
ENSG00000196935.10-ENSG00000283625.1	ENSG00000196935.10	chr12	63982526	64142757	ENSG00000283625.1	chr3	184499485	184500238				
ENSG00000197085.11-ENSG00000187258.14	ENSG00000197085.11	chr7	34568253	34758167	ENSG00000187258.14	chr7	34834385	34849867				
ENSG00000197122.13-ENSG00000197122.13	ENSG00000197122.13	chr20	37402314	37402785	ENSG00000197122.13	chr20	37402314	37402785				
ENSG00000197134.13-ENSG00000197134.13	ENSG00000197134.13	chr19	22052510	22073528	ENSG00000197134.13	chr19	22052510	22073528				
ENSG00000197323.12-ENSG00000226984.1	ENSG00000197323.12	chr1	114406942	114406955	ENSG00000226984.1	chr1	114459935	114459994				
ENSG00000197872.11-ENSG00000150722.11	ENSG00000197872.11	chr2	16588051	16665828	ENSG00000150722.11	chr2	182063732	182117351				
ENSG00000197976.12_PAR_Y-ENSG00000214717.12_PAR_Y	ENSG00000197976.12_PAR_Y	chrY	1591605	1595526	ENSG00000214717.12_PAR_Y	chrY	2489906	2490208				
ENSG00000198221.12-ENSG00000198221.12	ENSG00000198221.12	chr6	167824111	167826821	ENSG00000198221.12	chr6	167824111	167826821				
ENSG00000198431.18-ENSG00000270190.1-ENSG00000185186.10	ENSG00000198431.18	chr12	104286996	104313317	ENSG00000270190.1	chr2	111266869	111266918	ENSG00000185186.10	chr21	43475926.0	43476634.0
ENSG00000198626.18-ENSG00000177058.12-ENSG00000118412.13	ENSG00000198626.18	chr1	237800030	237800042	ENSG00000177058.12	chr5	55704276	55711478	ENSG00000118412.13	chr6	89871290.0	89873914.0
ENSG00000198838.14-ENSG00000276702.1	ENSG00000198838.14	chr15	33838350	33840856	ENSG00000276702.1	chr15	33850539	33851028				
ENSG00000198947.18-ENSG00000252903.2	ENSG00000198947.18	chrX	31261109	31261541	ENSG00000252903.2	chrX	31348193	31348251				
ENSG00000201151.1-ENSG00000276316.1	ENSG00000201151.1	chr20	35117137	35117189	ENSG00000276316.1	chr11	124238421	124239222				
ENSG00000203999.10-ENSG00000101346.15	ENSG00000203999.10	chr20	50308870	50308933	ENSG00000101346.15	chr20	32228264	32236035				
ENSG00000204256.14-ENSG00000184634.17	ENSG00000204256.14	chr6	32968595	32975428	ENSG00000184634.17	chrX	71128793	71130044				
ENSG00000204290.11-ENSG00000204290.11	ENSG00000204290.11	chr6	32394737	32407094	ENSG00000204290.11	chr6	32394737	32407094				
ENSG00000205084.12-ENSG00000259992.1	ENSG00000205084.12	chr16	75538341	75556229	ENSG00000259992.1	chr16	75541400	75545930				
ENSG00000205628.5-ENSG00000205628.5	ENSG00000205628.5	chr7	53811661	53811814	ENSG00000205628.5	chr7	53811661	53811814				
ENSG00000206384.11-ENSG00000196455.8	ENSG00000206384.11	chr3	130581742	130592606	ENSG00000196455.8	chr3	130678935	130707060				
ENSG00000212413.1-ENSG00000245694.12	ENSG00000212413.1	chr10	103312437	103312460	ENSG00000245694.12	chr16	54918871	54920610				
ENSG00000212498.1-ENSG00000253704.4	ENSG00000212498.1	chr20	2656098	2656122	ENSG00000253704.4	chr8	94553669	94568621				
ENSG00000212556.1-ENSG00000197102.14	ENSG00000212556.1	chr3	127202373	127202440	ENSG00000197102.14	chr14	102001536	102042121				
ENSG00000212719.15-ENSG00000212719.15	ENSG00000212719.15	chr17	21512190	21551372	ENSG00000212719.15	chr17	21512190	21551372				
ENSG00000213318.4-ENSG00000269609.6	ENSG00000213318.4	chr16	75192466	75193187	ENSG00000269609.6	chr10	102451400	102451426				
ENSG00000213983.12-ENSG00000126777.18	ENSG00000213983.12	chr14	23566563	23567773	ENSG00000126777.18	chr14	55675836	55684103				
ENSG00000214338.11-ENSG00000184530.9	ENSG00000214338.11	chr6	127482914	127518651	ENSG00000184530.9	chr6	127519456	127578695				
ENSG00000215124.2-ENSG00000225102.2	ENSG00000215124.2	chr6	11861627	11862778	ENSG00000225102.2	chr6	11990339	12001196				
ENSG00000215277.9-ENSG00000215277.9	ENSG00000215277.9	chr14	23258550	23258649	ENSG00000215277.9	chr14	23258550	23258649				
ENSG00000215796.3-ENSG00000138759.20-ENSG00000104490.18	ENSG00000215796.3	chr1	247042792	247043505	ENSG00000138759.20	chr4	78469979	78511520	ENSG00000104490.18	chr8	101686544.0	101915831.0
ENSG00000218476.2-ENSG00000207394.1	ENSG00000218476.2	chr6	23102681	23103225	ENSG00000207394.1	chr6	23124982	23125051				
ENSG00000220848.5-ENSG00000202343.1	ENSG00000220848.5	chr6	149592688	149594482	ENSG00000202343.1	chr6	149594626	149594672				
ENSG00000221300.1-ENSG00000089091.17	ENSG00000221300.1	chr2	42440378	42440436	ENSG00000089091.17	chr20	18383372	18452661				
ENSG00000221886.4-ENSG00000174695.10	ENSG00000221886.4	chr5	160393529	160399835	ENSG00000174695.10	chr5	83056728	83077438				
ENSG00000221947.8-ENSG00000120896.14	ENSG00000221947.8	chr8	70670574	70680821	ENSG00000120896.14	chr8	22567039	22571788				
ENSG00000222429.1-ENSG00000161905.13	ENSG00000222429.1	chr17	4619750	4619825	ENSG00000161905.13	chr17	4630920	4632910				
ENSG00000223482.10-ENSG00000224914.4	ENSG00000223482.10	chr10	87336787	87342284	ENSG00000224914.4	chr10	87341686	87357034				
ENSG00000223631.2-ENSG00000284659.1	ENSG00000223631.2	chr2	131402873	131407472	ENSG00000284659.1	chr2	131419666	131419772				
ENSG00000223634.1-ENSG00000235497.5	ENSG00000223634.1	chr2	23357517	23360364	ENSG00000235497.5	chr2	23375230	23376848				
ENSG00000223779.6-ENSG00000223779.6	ENSG00000223779.6	chr1	143745250	143756467	ENSG00000223779.6	chr1	143745250	143756467				
ENSG00000223782.1-ENSG00000154040.21-ENSG00000262686.1	ENSG00000223782.1	chr13	26977544	26977741	ENSG00000154040.21	chr18	24143092	24161519	ENSG00000262686.1	chr16	4324668.0	4326440.0
ENSG00000224209.8-ENSG00000252259.1	ENSG00000224209.8	chr1	63317059	63317140	ENSG00000252259.1	chr1	63186337	63186402				
ENSG00000224857.1-ENSG00000224857.1	ENSG00000224857.1	chr1	121580433	121580482	ENSG00000224857.1	chr1	121580433	121580482				
ENSG00000225510.2-ENSG00000102471.16	ENSG00000225510.2	chr13	53201508	53201924	ENSG00000102471.16	chr13	79533324	79555787				
ENSG00000225676.2-ENSG00000136861.19	ENSG00000225676.2	chr22	30182819	30207189	ENSG00000136861.19	chr9	120388891	120419801				
ENSG00000225746.13-ENSG00000258867.8	ENSG00000225746.13	chr14	100954609	100955937	ENSG00000258867.8	chr14	88044498	88087248				
ENSG00000226055.2-ENSG00000168591.16-ENSG00000114923.17	ENSG00000226055.2	chr9	37878117	37879439	ENSG00000168591.16	chr17	44186987	44191433	ENSG00000114923.17	chr2	219640431.0	219641653.0
ENSG00000226138.4-ENSG00000167110.19	ENSG00000226138.4	chr12	48085063	48085367	ENSG00000167110.19	chr9	128267195	128275917				
ENSG00000226312.7-ENSG00000226312.7	ENSG00000226312.7	chr2	201149332	201151151	ENSG00000226312.7	chr2	201149332	201151151				
ENSG00000226519.4-ENSG00000229672.3	ENSG00000226519.4	chr13	44119652	44147713	ENSG00000229672.3	chr10	3760337	3760379				
ENSG00000226961.3-ENSG00000264757.1-ENSG00000176124.15	ENSG00000226961.3	chr2	11351628	11352109	ENSG00000264757.1	chr22	17764181	17764196	ENSG00000176124.15	chr13	50401227.0	50401342.0
ENSG00000227083.1-ENSG00000235262.1	ENSG00000227083.1	chrX	147901049	147901237	ENSG00000235262.1	chrX	53212409	53212682				
ENSG00000227195.11-ENSG00000238129.5	ENSG00000227195.11	chr20	26199450	26209210	ENSG00000238129.5	chr20	26188409	26196891				
ENSG00000227775.3-ENSG00000183921.8	ENSG00000227775.3	chr1	1724616	1724631	ENSG00000183921.8	chr16	22191866	22191950				
ENSG00000227837.1-ENSG00000291031.1	ENSG00000227837.1	chrY	24691792	24691898	ENSG00000291031.1	chrY	19555391	19557280				
ENSG00000228141.7-ENSG00000172575.14	ENSG00000228141.7	chr15	82711562	82713849	ENSG00000172575.14	chr15	38490555	38518399				
ENSG00000228208.7-ENSG00000228208.7	ENSG00000228208.7	chr1	218459266	218525567	ENSG00000228208.7	chr1	218459266	218525567				
ENSG00000228373.2-ENSG00000164733.22	ENSG00000228373.2	chr9	87423635	87423872	ENSG00000164733.22	chr8	11842525	11852614				
ENSG00000228437.5-ENSG00000228437.5	ENSG00000228437.5	chr1	221966411	221983047	ENSG00000228437.5	chr1	221966411	221983047				
ENSG00000228570.8-ENSG00000167258.15	ENSG00000228570.8	chr10	79841359	79844320	ENSG00000167258.15	chr17	39492752	39494614				
ENSG00000228600.1-ENSG00000160199.15	ENSG00000228600.1	chr21	14757589	14757620	ENSG00000160199.15	chr21	43007492	43007512				
ENSG00000229543.1-ENSG00000253329.1-ENSG00000127481.15	ENSG00000229543.1	chr10	78293843	78293884	ENSG00000253329.1	chr22	22618907	22619022	ENSG00000127481.15	chr1	19106567.0	19106918.0
ENSG00000229606.2-ENSG00000289577.2	ENSG00000229606.2	chr20	61079141	61080146	ENSG00000289577.2	chr20	61159813	61162690				
ENSG00000230768.9-ENSG00000232884.11-ENSG00000290655.1	ENSG00000230768.9	chr1	105604164	105605974	ENSG00000232884.11	chr21	14676690	14676732	ENSG00000290655.1	chr17	18424322.0	18425055.0
ENSG00000230817.6-ENSG00000230817.6	ENSG00000230817.6	chr1	82907563	82952834	ENSG00000230817.6	chr1	82907563	82952834				
ENSG00000231064.9-ENSG00000117151.13	ENSG00000231064.9	chr1	155195002	155198531	ENSG00000117151.13	chr1	84553122	84553543				
ENSG00000231158.1-ENSG00000231158.1	ENSG00000231158.1	chr2	158065546	158065819	ENSG00000231158.1	chr2	158065546	158065819				
ENSG00000231329.8-ENSG00000272446.5	ENSG00000231329.8	chr6	139239087	139239329	ENSG00000272446.5	chr6	139239084	139255593				
ENSG00000231666.7-ENSG00000159208.16	ENSG00000231666.7	chr1	158140499	158140506	ENSG00000159208.16	chr1	150284598	150284632				
ENSG00000231898.9-ENSG00000106819.13-ENSG00000124787.14	ENSG00000231898.9	chr2	170350463	170350818	ENSG00000106819.13	chr9	92456206	92456981	ENSG00000124787.14	chr6	4994718.0	5003908.0
ENSG00000232183.1-ENSG00000136504.14-ENSG00000277586.4	ENSG00000232183.1	chrX	138627078	138627101	ENSG00000136504.14	chr17	49788650	49827922	ENSG00000277586.4	chr8	24950956.0	24954230.0
ENSG00000232354.8-ENSG00000114812.13	ENSG00000232354.8	chr3	42506525	42532047	ENSG00000114812.13	chr3	42513800	42527623				
ENSG00000232645.7-ENSG00000125812.16	ENSG00000232645.7	chr20	23357952	23358042	ENSG00000125812.16	chr20	23367004	23370533				
ENSG00000233230.3-ENSG00000233223.5	ENSG00000233230.3	chr2	47906791	47906982	ENSG00000233223.5	chr17	7581973	7582016				
ENSG00000233593.12-ENSG00000285532.2	ENSG00000233593.12	chr1	90789399	90851584	ENSG00000285532.2	chr1	90835661	90849115				
ENSG00000234056.3-ENSG00000287340.2	ENSG00000234056.3	chr13	25172831	25179887	ENSG00000287340.2	chr16	7301606	7304635				
ENSG00000234129.10-ENSG00000101966.14	ENSG00000234129.10	chrX	11106902	11111123	ENSG00000101966.14	chrX	123859879	123886112				
ENSG00000234255.9-ENSG00000251011.6	ENSG00000234255.9	chr2	65456020	65456180	ENSG00000251011.6	chr3	133246107	133257030				
ENSG00000234456.10-ENSG00000139350.12-ENSG00000136888.8	ENSG00000234456.10	chr7	79453566	79461189	ENSG00000139350.12	chr12	96912724	96934977	ENSG00000136888.8	chr9	114592553.0	114592633.0
ENSG00000234736.6-ENSG00000134058.12-ENSG00000176970.8	ENSG00000234736.6	chr10	49137480	49141289	ENSG00000134058.12	chr5	69234796	69250759	ENSG00000176970.8	chrX	148464709.0	148465140.0
ENSG00000234941.1-ENSG00000290439.1	ENSG00000234941.1	chr10	38250443	38250546	ENSG00000290439.1	chr10	38358313	38378172				
ENSG00000235007.3-ENSG00000204659.5-ENSG00000228274.5	ENSG00000235007.3	chr9	129140009	129140082	ENSG00000204659.5	chr5	179678561	179678704	ENSG00000228274.5	chr22	38667863.0	38669745.0
ENSG00000235059.5-ENSG00000124333.16_PAR_Y	ENSG00000235059.5	chrY	22438941	22446364	ENSG00000124333.16_PAR_Y	chrY	57084633	57128422				
ENSG00000235162.9-ENSG00000286520.1	ENSG00000235162.9	chr12	105330675	105367494	ENSG00000286520.1	chr12	105699169	105700721				
ENSG00000235221.3-ENSG00000236581.9	ENSG00000235221.3	chr13	69221867	69269930	ENSG00000236581.9	chr13	33271438	33281059				
ENSG00000235597.3-ENSG00000138771.16-ENSG00000250263.2	ENSG00000235597.3	chr2	104434355	104506273	ENSG00000138771.16	chr4	76645300	76645591	ENSG00000250263.2	chr4	176880068.0	176880551.0
ENSG00000236044.1-ENSG00000181927.4	ENSG00000236044.1	chr13	51966743	51966999	ENSG00000181927.4	chr11	55635114	55638680				
ENSG00000236160.1-ENSG00000224097.5	ENSG00000236160.1	chrX	26657292	26657387	ENSG00000224097.5	chr4	39480787	39481113				
ENSG00000236494.3-ENSG00000233219.1	ENSG00000236494.3	chr7	33793169	33803046	ENSG00000233219.1	chr7	33868502	33874171				
ENSG00000236648.2-ENSG00000236648.2	ENSG00000236648.2	chr1	17717688	17717693	ENSG00000236648.2	chr1	17717688	17717693				
ENSG00000236963.9-ENSG00000136014.12-ENSG00000135517.9	ENSG00000236963.9	chr1	20398484	20428677	ENSG00000136014.12	chr12	95516561	95551395	ENSG00000135517.9	chr12	56449503.0	56454417.0
ENSG00000237558.1-ENSG00000291031.1	ENSG00000237558.1	chrY	17951590	17951747	ENSG00000291031.1	chrY	19555391	19555545				
ENSG00000237596.7-ENSG00000250799.11	ENSG00000237596.7	chr6	136208403	136208412	ENSG00000250799.11	chr19	35811996	35812009				
ENSG00000237931.1-ENSG00000081985.14	ENSG00000237931.1	chrX	41077000	41077090	ENSG00000081985.14	chr1	67338625	67396256				
ENSG00000237980.2-ENSG00000123685.9	ENSG00000237980.2	chr1	212665320	212665611	ENSG00000123685.9	chr1	212686418	212686430				
ENSG00000238083.10-ENSG00000223745.8	ENSG00000238083.10	chr17	46547203	46547488	ENSG00000223745.8	chr1	93264706	93340483				
ENSG00000238223.1-ENSG00000102393.14	ENSG00000238223.1	chrX	115063937	115063945	ENSG00000102393.14	chrX	101397864	101401737				
ENSG00000238562.1-ENSG00000238562.1	ENSG00000238562.1	chr11	102903893	102903920	ENSG00000238562.1	chr11	102903893	102903920				
ENSG00000239586.1-ENSG00000168958.21-ENSG00000168621.15	ENSG00000239586.1	chr3	106901069	106901182	ENSG00000168958.21	chr2	227332420	227355758	ENSG00000168621.15	chr5	37812678.0	37834798.0
ENSG00000240401.9-ENSG00000115355.18	ENSG00000240401.9	chr2	55314191	55314209	ENSG00000115355.18	chr2	55316104	55317589				
ENSG00000240498.9-ENSG00000240498.9	ENSG00000240498.9	chr9	21994903	22049171	ENSG00000240498.9	chr9	21994903	22049171				
ENSG00000241439.1-ENSG00000114547.10	ENSG00000241439.1	chr3	125958557	125958682	ENSG00000114547.10	chr3	125975564	125983337				
ENSG00000242512.9-ENSG00000137285.11-ENSG00000204054.14	ENSG00000242512.9	chr3	181952401	181952404	ENSG00000137285.11	chr6	3224284	3226224	ENSG00000204054.14	chr9	129493067.0	129513425.0
ENSG00000242779.8-ENSG00000104804.9	ENSG00000242779.8	chr19	52990094	52992494	ENSG00000104804.9	chr19	48880968	48885527				
ENSG00000243789.11-ENSG00000125462.20-ENSG00000125347.15	ENSG00000243789.11	chr15	41828103	41835635	ENSG00000125462.20	chr1	156404257	156426833	ENSG00000125347.15	chr5	132472150.0	132472172.0
ENSG00000244461.1-ENSG00000041982.17	ENSG00000244461.1	chr3	78038706	78046713	ENSG00000041982.17	chr9	115020561	115082801				
ENSG00000244607.7-ENSG00000138347.17	ENSG00000244607.7	chr3	42751937	42773201	ENSG00000138347.17	chr10	68148354	68155191				
ENSG00000244754.9-ENSG00000233124.2	ENSG00000244754.9	chr13	32526923	32538820	ENSG00000233124.2	chr13	97168752	97187572				
ENSG00000246430.9-ENSG00000253139.1	ENSG00000246430.9	chr8	56518322	56559473	ENSG00000253139.1	chr8	56536759	56540395				
ENSG00000247400.6-ENSG00000247400.6	ENSG00000247400.6	chr13	95672633	95676234	ENSG00000247400.6	chr13	95672633	95676234				
ENSG00000247627.2-ENSG00000189167.12	ENSG00000247627.2	chr5	134926661	134927658	ENSG00000189167.12	chr13	32303772	32310668				
ENSG00000249199.2-ENSG00000249199.2	ENSG00000249199.2	chr5	17369226	17375520	ENSG00000249199.2	chr5	17369226	17375520				
ENSG00000249534.2-ENSG00000170180.22	ENSG00000249534.2	chr4	38453224	38523105	ENSG00000170180.22	chr4	144109304	144109337				
ENSG00000249859.14-ENSG00000253503.6	ENSG00000249859.14	chr8	127916484	128096585	ENSG00000253503.6	chr8	82522543	82564188				
ENSG00000250280.2-ENSG00000174099.12	ENSG00000250280.2	chr12	65281658	65286710	ENSG00000174099.12	chr12	65305106	65308879				
ENSG00000250802.7-ENSG00000106066.15	ENSG00000250802.7	chr5	77086802	77086826	ENSG00000106066.15	chr7	29120932	29181304				
ENSG00000251886.1-ENSG00000263748.1	ENSG00000251886.1	chr18	21120405	21120422	ENSG00000263748.1	chr18	21182504	21182833				
ENSG00000252398.1-ENSG00000131051.24-ENSG00000049130.16	ENSG00000252398.1	chr3	32045874	32045910	ENSG00000131051.24	chr20	35704327	35713063	ENSG00000049130.16	chr12	88497081.0	88506321.0
ENSG00000252580.1-ENSG00000107223.13	ENSG00000252580.1	chr9	26796174	26796196	ENSG00000107223.13	chr9	136862120	136862253				
ENSG00000253199.2-ENSG00000224622.1-ENSG00000253403.1	ENSG00000253199.2	chr8	20972898	20974372	ENSG00000224622.1	chr12	55158848	55159132	ENSG00000253403.1	chr5	161687348.0	161687439.0
ENSG00000253535.5-ENSG00000253535.5	ENSG00000253535.5	chr8	24300886	24387320	ENSG00000253535.5	chr8	24300886	24387320				
ENSG00000253553.9-ENSG00000253553.9	ENSG00000253553.9	chr8	88542678	88542714	ENSG00000253553.9	chr8	88542678	88542714				
ENSG00000253611.1-ENSG00000253611.1	ENSG00000253611.1	chr8	43219961	43220266	ENSG00000253611.1	chr8	43219961	43220266				
ENSG00000254852.9-ENSG00000255037.1	ENSG00000254852.9	chr16	14742534	14759315	ENSG00000255037.1	chr16	14766403	14770021				
ENSG00000254979.5-ENSG00000140987.21-ENSG00000160752.15	ENSG00000254979.5	chr11	57409176	57410059	ENSG00000140987.21	chr16	3382082	3383465	ENSG00000160752.15	chr1	155312256.0	155312355.0
ENSG00000255502.6-ENSG00000118960.13-ENSG00000240484.1	ENSG00000255502.6	chr11	97942136	97959522	ENSG00000118960.13	chr2	20617819	20651047	ENSG00000240484.1	chr15	92719394.0	92719680.0
ENSG00000256339.1-ENSG00000149564.12	ENSG00000256339.1	chr12	14841093	14844552	ENSG00000149564.12	chr11	124753124	124754250				
ENSG00000257894.2-ENSG00000255652.5	ENSG00000257894.2	chr12	79503170	79503345	ENSG00000255652.5	chr12	34191038	34219219				
ENSG00000258168.6-ENSG00000111679.17	ENSG00000258168.6	chr12	70468111	70510451	ENSG00000111679.17	chr12	6955152	6955170				
ENSG00000258177.1-ENSG00000124523.17-ENSG00000124486.15	ENSG00000258177.1	chr12	96223546	96223826	ENSG00000124523.17	chr6	13588332	13614594	ENSG00000124486.15	chrX	41150922.0	41232471.0
ENSG00000258649.3-ENSG00000139874.6	ENSG00000258649.3	chr14	38190984	38191177	ENSG00000139874.6	chr14	38208444	38209317				
ENSG00000259285.1-ENSG00000204661.9	ENSG00000259285.1	chr15	58065226	58066889	ENSG00000204661.9	chr5	179641547	179643490				
ENSG00000259380.6-ENSG00000259380.6	ENSG00000259380.6	chr15	38226751	38226770	ENSG00000259380.6	chr15	38226751	38226770				
ENSG00000260033.1-ENSG00000260033.1	ENSG00000260033.1	chr16	48600177	48600236	ENSG00000260033.1	chr16	48600177	48600236				
ENSG00000260083.3-ENSG00000260083.3	ENSG00000260083.3	chr16	30876083	30888859	ENSG00000260083.3	chr16	30876083	30888859				
ENSG00000260690.1-ENSG00000260690.1	ENSG00000260690.1	chr16	25454340	25454455	ENSG00000260690.1	chr16	25454340	25454455				
ENSG00000260737.6-ENSG00000197302.11	ENSG00000260737.6	chr16	80561238	80569410	ENSG00000197302.11	chr16	31753767	31754465				
ENSG00000260781.2-ENSG00000166548.17	ENSG00000260781.2	chr16	33923822	33936934	ENSG00000166548.17	chr16	66511832	66517862				
ENSG00000260830.2-ENSG00000100461.18	ENSG00000260830.2	chr14	21384287	21384930	ENSG00000100461.18	chr14	22905159	22919105				
ENSG00000260850.4-ENSG00000177138.17-ENSG00000258704.8	ENSG00000260850.4	chr16	51495103	51524999	ENSG00000177138.17	chrX	9160615	9162265	ENSG00000258704.8	chr14	34963909.0	34971971.0
ENSG00000260851.7-ENSG00000156475.19	ENSG00000260851.7	chr16	66481176	66513793	ENSG00000156475.19	chr5	146581147	146581265				
ENSG00000261692.1-ENSG00000278847.1	ENSG00000261692.1	chr16	89420076	89422193	ENSG00000278847.1	chrY	2934407	2934513				
ENSG00000261738.8-ENSG00000261738.8	ENSG00000261738.8	chr18	5721861	5722043	ENSG00000261738.8	chr18	5721861	5722043				
ENSG00000261771.5-ENSG00000144485.11	ENSG00000261771.5	chr15	55450223	55498227	ENSG00000144485.11	chr2	238239181	238240446				
ENSG00000263080.1-ENSG00000175643.10	ENSG00000263080.1	chr16	11344352	11345122	ENSG00000175643.10	chr16	11345451	11351332				
ENSG00000263508.6-ENSG00000141577.14	ENSG00000263508.6	chr17	10844675	10847940	ENSG00000141577.14	chr17	81199819	81204068				
ENSG00000264569.2-ENSG00000169733.12	ENSG00000264569.2	chr17	82037902	82038209	ENSG00000169733.12	chr17	82047903	82051561				
ENSG00000265142.9-ENSG00000283346.1-ENSG00000067842.19	ENSG00000265142.9	chr18	21829124	21831248	ENSG00000283346.1	chr16	15134076	15134118	ENSG00000067842.19	chrX	153542324.0	153582500.0
ENSG00000266104.1-ENSG00000101246.20	ENSG00000266104.1	chr20	63286809	63286812	ENSG00000101246.20	chr20	63699479	63699799				
ENSG00000266412.6-ENSG00000289092.1	ENSG00000266412.6	chr10	46006413	46030541	ENSG00000289092.1	chr10	46007582	46007961				
ENSG00000267280.6-ENSG00000224616.5-ENSG00000288932.2	ENSG00000267280.6	chr17	61399240	61399265	ENSG00000224616.5	chr1	100264010	100264016	ENSG00000288932.2	chr2	64291146.0	64291371.0
ENSG00000267364.4-ENSG00000267364.4	ENSG00000267364.4	chr17	35313650	35321844	ENSG00000267364.4	chr17	35313650	35321844				
ENSG00000267712.6-ENSG00000115355.18	ENSG00000267712.6	chr18	56096008	56137393	ENSG00000115355.18	chr2	55416924	55418000				
ENSG00000268066.5-ENSG00000142627.13-ENSG00000176746.6	ENSG00000268066.5	chrX	147911643	147911748	ENSG00000142627.13	chr1	16124338	16125191	ENSG00000176746.6	chrX	26192441.0	26195475.0
ENSG00000269692.1-ENSG00000273994.1	ENSG00000269692.1	chr9	39631047	39631564	ENSG00000273994.1	chr9	39651902	39652185				
ENSG00000270066.3-ENSG00000011009.11	ENSG00000270066.3	chr1	109100194	109100610	ENSG00000011009.11	chr1	23793706	23794388				
ENSG00000271724.1-ENSG00000005007.14	ENSG00000271724.1	chr5	146375592	146376195	ENSG00000005007.14	chr19	18853253	18866770				
ENSG00000272274.4-ENSG00000236581.9	ENSG00000272274.4	chr13	106626648	106631020	ENSG00000236581.9	chr13	33273937	33281084				
ENSG00000272274.4-ENSG00000272274.4	ENSG00000272274.4	chr13	106568209	106568506	ENSG00000272274.4	chr13	106568209	106568506				
ENSG00000273179.1-ENSG00000281920.1-ENSG00000198363.18	ENSG00000273179.1	chr4	1167779	1167805	ENSG00000281920.1	chr2	65624234	65628349	ENSG00000198363.18	chr8	61626142.0	61642890.0
ENSG00000273373.1-ENSG00000144815.18-ENSG00000171735.20	ENSG00000273373.1	chr1	110370155	110371836	ENSG00000144815.18	chr3	101801236	101822593	ENSG00000171735.20	chr1	7737960.0	7767334.0
ENSG00000273841.6-ENSG00000072682.20	ENSG00000273841.6	chr5	69367129	69367142	ENSG00000072682.20	chr5	132191839	132227809				
ENSG00000277481.2-ENSG00000277481.2	ENSG00000277481.2	chr16	71950119	72000126	ENSG00000277481.2	chr16	71950119	72000126				
ENSG00000277893.2-ENSG00000103043.15-ENSG00000080822.17	ENSG00000277893.2	chr2	31531372	31580794	ENSG00000103043.15	chr16	70696891	70731516	ENSG00000080822.17	chr3	98517140.0	98521664.0
ENSG00000278595.1-ENSG00000226994.9	ENSG00000278595.1	chr20	4761301	4761558	ENSG00000226994.9	chr2	35159548	35162812				
ENSG00000279604.1-ENSG00000279604.1	ENSG00000279604.1	chr16	86035628	86035942	ENSG00000279604.1	chr16	86035628	86035942				
ENSG00000280132.1-ENSG00000140682.19	ENSG00000280132.1	chr16	31470205	31470443	ENSG00000140682.19	chr16	31471586	31474590				
ENSG00000280426.1-ENSG00000076513.17	ENSG00000280426.1	chr12	109997420	109998170	ENSG00000076513.17	chr12	110021109	110030655				
ENSG00000283294.2-ENSG00000224367.6	ENSG00000283294.2	chr18	14244626	14249458	ENSG00000224367.6	chr18	59036941	59059596				
ENSG00000283588.1-ENSG00000066427.25-ENSG00000272767.1	ENSG00000283588.1	chr14	101040783	101040843	ENSG00000066427.25	chr14	92044807	92050469	ENSG00000272767.1	chr10	63465230.0	63465408.0
ENSG00000284331.1-ENSG00000266850.1	ENSG00000284331.1	chr18	22933350	22933420	ENSG00000266850.1	chr18	22723494	22786798				
ENSG00000284763.1-ENSG00000230284.1	ENSG00000284763.1	chr9	113065536	113065875	ENSG00000230284.1	chr9	114695923	114696261				
ENSG00000284770.2-ENSG00000198551.10-ENSG00000170144.22	ENSG00000284770.2	chr1	235401520	235438889	ENSG00000198551.10	chr19	11597484	11617858	ENSG00000170144.22	chr2	177217706.0	177222230.0
ENSG00000285171.1-ENSG00000087111.22	ENSG00000285171.1	chrX	71106355	71111512	ENSG00000087111.22	chr17	28556470	28558530				
ENSG00000285219.4-ENSG00000258376.2	ENSG00000285219.4	chr6	9224595	9225067	ENSG00000258376.2	chr14	73242652	73244617				
ENSG00000285523.1-ENSG00000285523.1	ENSG00000285523.1	chr12	5088003	5088019	ENSG00000285523.1	chr12	5088003	5088019				
ENSG00000285565.1-ENSG00000141499.18	ENSG00000285565.1	chr6	31828835	31839686	ENSG00000141499.18	chr17	7700742	7703307				
ENSG00000286396.1-ENSG00000239831.1	ENSG00000286396.1	chr3	138125696	138125734	ENSG00000239831.1	chr3	57519670	57519881				
ENSG00000286799.1-ENSG00000257497.2-ENSG00000130414.13	ENSG00000286799.1	chr17	19362761	19370116	ENSG00000257497.2	chr12	75483455	75489814	ENSG00000130414.13	chr2	239960834.0	240018621.0
ENSG00000287424.1-ENSG00000287424.1	ENSG00000287424.1	chr4	165757564	165757657	ENSG00000287424.1	chr4	165757564	165757657				
ENSG00000288769.2-ENSG00000111907.21	ENSG00000288769.2	chr3	127456835	127460972	ENSG00000111907.21	chr6	125248283	125262986				
ENSG00000289039.1-ENSG00000095794.21	ENSG00000289039.1	chr10	133013654	133014368	ENSG00000095794.21	chr10	35196010	35211708				
ENSG00000289492.1-ENSG00000289492.1	ENSG00000289492.1	chr20	31738618	31738723	ENSG00000289492.1	chr20	31738618	31738723				
ENSG00000289625.1-ENSG00000108018.16	ENSG00000289625.1	chr11	73182791	73182848	ENSG00000108018.16	chr10	106577200	106579170				
ENSG00000290106.1-ENSG00000116205.14	ENSG00000290106.1	chr7	25855323	25855417	ENSG00000116205.14	chr1	54104296	54105723				
ENSG00000290374.1-ENSG00000266174.1-ENSG00000205444.4	ENSG00000290374.1	chr4	3949449	3955386	ENSG00000266174.1	chr1	228462075	228462083	ENSG00000205444.4	chr6	4610540.0	4611280.0
ENSG00000290733.1-ENSG00000186088.16-ENSG00000077380.16	ENSG00000290733.1	chr2	110433437	110433672	ENSG00000186088.16	chr7	77311336	77311853	ENSG00000077380.16	chr2	171747777.0	171748066.0
ENSG00000290831.1-ENSG00000106133.19	ENSG00000290831.1	chr7	72954626	72954673	ENSG00000106133.19	chr7	72948486	72948576				
ENSG00000290988.1-ENSG00000013375.17	ENSG00000290988.1	chr19	37667752	37692171	ENSG00000013375.17	chr6	83167795	83170478				
ENSG00000291033.1-ENSG00000076003.5	ENSG00000291033.1	chrY	19567314	19567362	ENSG00000076003.5	chr2	135839627	135862661				
ENSG00000291041.1-ENSG00000273628.1	ENSG00000291041.1	chr13	24967393	24968216	ENSG00000273628.1	chr13	24933007	24936733				
ENSG00000291053.1-ENSG00000167004.14	ENSG00000291053.1	chr15	43746049	43746063	ENSG00000167004.14	chr15	43761425	43771369				
ENSG00000291093.1-ENSG00000096746.18	ENSG00000291093.1	chr10	29409535	29487652	ENSG00000096746.18	chr10	68338504	68342260				
ENSG00000291100.1-ENSG00000132170.24-ENSG00000181786.5	ENSG00000291100.1	chr20	28601604	28602630	ENSG00000132170.24	chr3	12416705	12434065	ENSG00000181786.5	chr19	8697401.0	8698621.0
ENSG00000291103.1-ENSG00000284008.1	ENSG00000291103.1	chr16	53370721	53370868	ENSG00000284008.1	chr16	2106670	2106675				
ENSG00000291134.1-ENSG00000141499.18	ENSG00000291134.1	chr2	113583594	113598655	ENSG00000141499.18	chr17	7701658	7703293				
ENSG00000291137.1-ENSG00000238194.2-ENSG00000167554.15	ENSG00000291137.1	chr1	155216858	155227438	ENSG00000238194.2	chr20	59624910	59628121	ENSG00000167554.15	chr19	52349146.0	52366474.0
ENSG00000291151.1-ENSG00000291151.1	ENSG00000291151.1	chr7	75410340	75416170	ENSG00000291151.1	chr7	75410340	75416170				
ENSG00000291176.1-ENSG00000126107.15-ENSG00000118600.13	ENSG00000291176.1	chr2	96010572	96021179	ENSG00000126107.15	chr1	45006074	45006101	ENSG00000118600.13	chr12	63790320.0	63790409.0
ENSG00000291178.1-ENSG00000136235.17	ENSG00000291178.1	chr7	100325661	100335925	ENSG00000136235.17	chr7	23273522	23274838				
ENSG00000291178.1-ENSG00000157954.15	ENSG00000291178.1	chr7	100332443	100335933	ENSG00000157954.15	chr7	5217923	5225851				
ENSG00000291178.1-ENSG00000291178.1	ENSG00000291178.1	chr7	100328837	100335882	ENSG00000291178.1	chr7	100328837	100335882				
ENSG00000291211.1-ENSG00000160957.15	ENSG00000291211.1	chr15	85196445	85211019	ENSG00000160957.15	chr8	144516246	144516439				
