Known_Gene_Fusion,Gene1,Gene2,Sample,PMID_Reference,Validation
MAN2A1::FER,MAN2A1,FER,HUH7,PMID:38537933 ; PMID:31164957; PMID:28245430,TaqMan qRT-PCR and/or RT-PCR together with Sanger sequencing or functional assays
SLC45A2::AMACR,SLC45A2,AMACR,HUH7,PMID:38537933 ; PMID:31164958; PMID:34505419,TaqMan qRT-PCR and/or RT-PCR together with Sanger sequencing or functional assays
ZMPSTE24::ZMYM4,ZMPSTE24,ZMYM4,HCC,PMID:38537933,TaqMan qRT-PCR
PTEN::NOLC1,PTEN,NOLC1,HCC,PMID:38537933,TaqMan qRT-PCR
CCNH::C5orf30,CCNH,C5orf30,HUH7,PMID:30705370; PMID:38537933 ; PMID:31164957,TaqMan qRT-PCR and/or RT-PCR together with Sanger sequencing or functional assays
NUP188::PHYHD1,NUP188,PHYHD1,HUH7,PMID:25485619,RNA sequencing
IPO11::KIAA0825,IPO11,KIAA0825,HUH7,PMID:25485619;PMID:31097696;PMID:39468210,RNA sequencing
FAM59A::ACN9,FAM59A,ACN9,HUH7,PMID:25485619,RNA sequencing
ANKIB1::PTPRN2,ANKIB1,PTPRN2,HUH7,PMID:25485619,RNA sequencing
ANKIB1::DTX2P1-UPK3BP1-PMS2P11,ANKIB1,DTX2P1-UPK3BP1-PMS2P11,HUH7,PMID:31097696; PMID:39468210,RNA sequencing
ATP6V0D1::RBM19,ATP6V0D1,RBM19,HUH7,PMID:31097696,RNA sequencing
DTX2P1-UPK3BP1-PMS2P11::ANKIB1,DTX2P1-UPK3BP1-PMS2P11,ANKIB1,HUH7,PMID:31097696,RNA sequencing
GAREM1::SDHAF3,GAREM1,SDHAF3,HUH7,PMID:31097696,RNA sequencing
PLOD2::PLSCR4,PLOD2,PLSCR4,HUH7,PMID:31097696;PMID:39468210,RNA sequencing
RTN3::PACS1,RTN3,PACS1,HUH7,PMID:31097696;PMID:39468210,RNA sequencing
SORD::TERB2,SORD,TERB2,HUH7,PMID:31097696;PMID:39468210,RNA sequencing
SCARB1::UBC,SCARB1,UBC,HUH7,PMID:31097696,RNA sequencing
UQCC1::GDF5-AS1,UQCC1,GDF5-AS1,HUH7,PMID:39468210,RNA sequencing
XKR9::GNE,XKR9,GNE,HUH7,PMID:39468210,RNA sequencing
GPATCH1::GNL3L,GPATCH1,GNL3L,HUH7,PMID:39468210,RNA sequencing
SLC22A23::GSTA2,SLC22A23,GSTA2,HUH7,PMID:39468210,RNA sequencing
IGFBP7::PCAT4,IGFBP7,PCAT4,HUH7,PMID:39468210,RNA sequencing
IGFBP7-AS1::PCAT4,IGFBP7-AS1,PCAT4,HUH7,PMID:39468210,RNA sequencing
KRT8::VIM,KRT8,VIM,HUH7,PMID:39468210,RNA sequencing
SARAF::LEPROTL1,SARAF,LEPROTL1,HUH7,PMID:39468210,RNA sequencing
PDE4DIPP2::LINC01145,PDE4DIPP2,LINC01145,HUH7,PMID:39468210,RNA sequencing
USP16::LTN1,USP16,LTN1,HUH7,PMID:39468210,RNA sequencing
SLC5A12::MUC15,SLC5A12,MUC15,HUH7,PMID:39468210,RNA sequencing
SVEP1::MYLK,SVEP1,MYLK,HUH7,PMID:39468210,RNA sequencing
NME2::NME1,NME2,NME1,HUH7,PMID:39468210,RNA sequencing
PHF20::POLR3G,PHF20,POLR3G,HUH7,PMID:39468210,RNA sequencing
SDHAF3::PHF24,SDHAF3,PHF24,HUH7,PMID:39468210,RNA sequencing
RNF185::SMTN,RNF185,SMTN,HUH7,PMID:39468210,RNA sequencing
TBC1D22A::SHISAL1,TBC1D22A,SHISAL1,HUH7,PMID:39468210,RNA sequencing
ZNF274::TMEM132E,ZNF274,TMEM132E,HUH7,PMID:39468210,RNA sequencing
TUBB4B::TUBB2A,TUBB4B,TUBB2A,HUH7,PMID:39468210,RNA sequencing
LRRC59::FLJ60017,LRRC59,FLJ60017,HEPG2,PMID:30705370,TaqMan qRT-PCR
STAMBPL1::FAS,STAMBPL1,FAS,HCC,PMID:38537933,TaqMan qRT-PCR
PCMTD1::SNTG1,PCMTD1,SNTG1,HCC,PMID:38537933,TaqMan qRT-PCR
TRMT11::GRIK2,TRMT11,GRIK2,HCC,PMID:31164957; PMID:30705370,TaqMan qRT-PCR and Sanger sequencing
CRYL1::IFT88,CRYL1,IFT88,HCC,PMID:28489570,"RNA sequencing, RT-PCR, Sanger sequencing, and rapid amplification of cDNA ends"
RP11-476K15.1::CTD-2015H3.2,RP11-476K15.1,CTD-2015H3.2,HCC,PMID:30903738,"RNA sequencing, RT-PCR, and Sanger sequencing"
DNAJB1::PRKACA,DNAJB1,PRKACA,Fibrolamellar-HCC,PMID:24578576,"PCR, Sanger sequencing, Western blot, and functional assays"
C15orf57::CBX3,C15orf57,CBX3,HCC,PMID:30903738,"RNA sequencing, RT-PCR, and Sanger sequencing"
IGLV1-51::IGLL5,IGLV1-51,IGLL5,HCC,PMID:30903738,"RNA sequencing, RT-PCR, and Sanger sequencing"
RP11-100N3.2::GNAS,RP11-100N3.2,GNAS,HCC,PMID:30903738,"RNA sequencing, RT-PCR, and Sanger sequencing"
SERPINA5::SERPINA9,SERPINA5,SERPINA9,HCC,PMID:30903738,RNA sequencing
DCUN1D3::GSG1L,DCUN1D3,GSG1L,HCC,PMID:30903738,RNA sequencing
AP3D1::SLC6A8,AP3D1,SLC6A8,HCC,PMID:30903738,RNA sequencing
IGLV4-69::IGLJ3,IGLV4-69,IGLJ3,HCC,PMID:30903738,"RNA sequencing, RT-PCR, and Sanger sequencing"
HLA-DPB2::HLA-DRB1,HLA-DPB2,HLA-DRB1,HCC,PMID:30903738,RNA sequencing
CDH23::HLA-DPB1,CDH23,HLA-DPB1,HCC,PMID:30903738,RNA sequencing
VTI1A::CFAP46,VTI1A,CFAP46,HCC,PMID:31602373,"RNA sequencing, RT-PCR"
SERPINA1::H19,SERPINA1,H19,HCC,PMID:40613496,RNA sequencing
