library_type	Platform	RNA_sample	Algorithm	n_genes	n_pairs	mean_partners	median_partners	max_partners	prop_ge2	prop_ge3	prop_ge5	top1_share	top5_share	top10_share	prep
PCR_cDNA	Illumina	B1	Arriba	138.0	81.0	1.174	1.0	9.0	0.1087	0.0217	0.0072	0.0556	0.1173	0.179	Illumina PCR cDNA
PCR_cDNA	Illumina	B1	JAFFA-direct	14458.0	563506.0	77.951	13.0	9310.0	0.853	0.7829	0.6937	0.0083	0.0329	0.0546	Illumina PCR cDNA
PCR_cDNA	Illumina	B1	STAR-Fusion	39.0	20.0	1.026	1.0	2.0	0.0256	0.0	0.0	0.05	0.15	0.275	Illumina PCR cDNA
PCR_cDNA	Illumina	B2	Arriba	171.0	103.0	1.205	1.0	12.0	0.1228	0.0175	0.0058	0.0583	0.1165	0.165	Illumina PCR cDNA
PCR_cDNA	Illumina	B2	JAFFA-direct	15091.0	686304.0	90.955	16.0	10109.0	0.8575	0.7893	0.7096	0.0074	0.0308	0.0493	Illumina PCR cDNA
PCR_cDNA	Illumina	B2	STAR-Fusion	46.0	25.0	1.087	1.0	3.0	0.0652	0.0217	0.0	0.06	0.18	0.28	Illumina PCR cDNA
PCR_cDNA	ONT	B1	CTAT-LR-Fusion	211.0	151.0	1.431	1.0	7.0	0.1848	0.1185	0.0379	0.0232	0.0993	0.1755	ONT PCR cDNA
PCR_cDNA	ONT	B1	FusionSeeker	5484.0	141274.0	51.522	4.0	3465.0	0.6916	0.5755	0.4613	0.0123	0.0384	0.0661	ONT PCR cDNA
PCR_cDNA	ONT	B1	GFSeeker	1817.0	1634.0	1.799	1.0	144.0	0.2834	0.1282	0.0462	0.0441	0.1056	0.1273	ONT PCR cDNA
PCR_cDNA	ONT	B1	Genion	690.0	424.0	1.229	1.0	18.0	0.1275	0.0333	0.0087	0.0212	0.066	0.0908	ONT PCR cDNA
PCR_cDNA	ONT	B1	JAFFAL	1424.0	1008.0	1.416	1.0	20.0	0.2135	0.0787	0.0183	0.0099	0.0441	0.068	ONT PCR cDNA
PCR_cDNA	ONT	B1	LongGF	864.0	500.0	1.157	1.0	2.0	0.1574	0.0	0.0	0.002	0.01	0.02	ONT PCR cDNA
PCR_cDNA	ONT	B2	CTAT-LR-Fusion	605.0	468.0	1.547	1.0	9.0	0.238	0.1207	0.0463	0.0096	0.0438	0.0812	ONT PCR cDNA
PCR_cDNA	ONT	B2	FusionSeeker	3434.0	29000.0	16.89	2.0	907.0	0.5128	0.3856	0.2807	0.0156	0.0594	0.1029	ONT PCR cDNA
PCR_cDNA	ONT	B2	GFSeeker	1985.0	1948.0	1.963	1.0	263.0	0.2997	0.1385	0.0539	0.0675	0.1201	0.1476	ONT PCR cDNA
PCR_cDNA	ONT	B2	Genion	645.0	373.0	1.157	1.0	8.0	0.0946	0.0279	0.0078	0.0107	0.0483	0.0697	ONT PCR cDNA
PCR_cDNA	ONT	B2	JAFFAL	1514.0	1101.0	1.454	1.0	40.0	0.2166	0.0786	0.0251	0.0182	0.0504	0.0736	ONT PCR cDNA
PCR_cDNA	ONT	B2	LongGF	872.0	502.0	1.151	1.0	2.0	0.1514	0.0	0.0	0.002	0.01	0.0199	ONT PCR cDNA
PCR_cDNA	PacBio	B1	CTAT-LR-Fusion	423.0	231.0	1.092	1.0	6.0	0.078	0.0071	0.0024	0.013	0.0346	0.0563	PacBio PCR cDNA
PCR_cDNA	PacBio	B1	FusionSeeker	4542.0	4516.0	1.989	1.0	74.0	0.3758	0.1801	0.0583	0.0082	0.0262	0.0453	PacBio PCR cDNA
PCR_cDNA	PacBio	B1	GFSeeker	3482.0	3212.0	1.845	1.0	70.0	0.3314	0.1522	0.0511	0.0109	0.0369	0.0587	PacBio PCR cDNA
PCR_cDNA	PacBio	B1	Genion	1683.0	937.0	1.113	1.0	19.0	0.0814	0.0137	0.0018	0.0101	0.0219	0.0326	PacBio PCR cDNA
PCR_cDNA	PacBio	B1	JAFFAL	3079.0	2786.0	1.81	1.0	54.0	0.3267	0.1439	0.0455	0.0097	0.0355	0.0585	PacBio PCR cDNA
PCR_cDNA	PacBio	B1	LongGF	2146.0	1305.0	1.216	1.0	2.0	0.2162	0.0	0.0	0.0008	0.0038	0.0077	PacBio PCR cDNA
PCR_cDNA	PacBio	B2	CTAT-LR-Fusion	334.0	180.0	1.078	1.0	3.0	0.0749	0.003	0.0	0.0083	0.0306	0.0583	PacBio PCR cDNA
PCR_cDNA	PacBio	B2	FusionSeeker	4440.0	4510.0	2.032	1.0	93.0	0.3883	0.1818	0.0619	0.0103	0.0327	0.0528	PacBio PCR cDNA
PCR_cDNA	PacBio	B2	GFSeeker	3303.0	3114.0	1.886	1.0	92.0	0.3282	0.1438	0.0539	0.0148	0.045	0.07	PacBio PCR cDNA
PCR_cDNA	PacBio	B2	Genion	1766.0	980.0	1.11	1.0	17.0	0.0821	0.0119	0.0023	0.0087	0.0209	0.0296	PacBio PCR cDNA
PCR_cDNA	PacBio	B2	JAFFAL	2898.0	2663.0	1.838	1.0	59.0	0.3112	0.1418	0.0504	0.0111	0.0383	0.0623	PacBio PCR cDNA
PCR_cDNA	PacBio	B2	LongGF	2027.0	1223.0	1.207	1.0	3.0	0.2052	0.0015	0.0	0.0012	0.0053	0.0094	PacBio PCR cDNA
direct_RNA	ONT	B1	CTAT-LR-Fusion	51.0	27.0	1.059	1.0	2.0	0.0588	0.0	0.0	0.037	0.1481	0.2407	ONT direct RNA
direct_RNA	ONT	B1	FusionSeeker	113.0	68.0	1.204	1.0	5.0	0.1239	0.0531	0.0088	0.0368	0.1324	0.2132	ONT direct RNA
direct_RNA	ONT	B1	GFSeeker	91.0	47.0	1.033	1.0	3.0	0.022	0.011	0.0	0.0319	0.0851	0.1383	ONT direct RNA
direct_RNA	ONT	B1	Genion	141.0	81.0	1.149	1.0	6.0	0.0567	0.0426	0.0213	0.037	0.1358	0.1914	ONT direct RNA
direct_RNA	ONT	B1	JAFFAL	35.0	19.0	1.086	1.0	4.0	0.0286	0.0286	0.0	0.1053	0.2105	0.3421	ONT direct RNA
direct_RNA	ONT	B1	LongGF	16.0	8.0	1.0	1.0	1.0	0.0	0.0	0.0	0.0625	0.3125	0.625	ONT direct RNA
direct_RNA	ONT	B2	CTAT-LR-Fusion	43.0	22.0	1.023	1.0	2.0	0.0233	0.0	0.0	0.0455	0.1364	0.25	ONT direct RNA
direct_RNA	ONT	B2	FusionSeeker	85.0	50.0	1.176	1.0	5.0	0.1294	0.0235	0.0118	0.05	0.14	0.24	ONT direct RNA
direct_RNA	ONT	B2	GFSeeker	66.0	33.0	1.0	1.0	1.0	0.0	0.0	0.0	0.0152	0.0758	0.1515	ONT direct RNA
direct_RNA	ONT	B2	Genion	94.0	57.0	1.213	1.0	6.0	0.0745	0.0638	0.0319	0.0526	0.193	0.2632	ONT direct RNA
direct_RNA	ONT	B2	JAFFAL	22.0	12.0	1.091	1.0	3.0	0.0455	0.0455	0.0	0.125	0.2917	0.5	ONT direct RNA
direct_RNA	ONT	B2	LongGF	14.0	7.0	1.0	1.0	1.0	0.0	0.0	0.0	0.0714	0.3571	0.7143	ONT direct RNA
direct_cDNA	ONT	B1	CTAT-LR-Fusion	1194.0	624.0	1.045	1.0	5.0	0.0402	0.0034	0.0008	0.004	0.0128	0.0208	ONT direct cDNA
direct_cDNA	ONT	B1	FusionSeeker	2029.0	1698.0	1.674	1.0	54.0	0.2538	0.1153	0.0483	0.0159	0.053	0.0763	ONT direct cDNA
direct_cDNA	ONT	B1	GFSeeker	55.0	32.0	1.164	1.0	5.0	0.1091	0.0182	0.0182	0.0781	0.2031	0.2969	ONT direct cDNA
direct_cDNA	ONT	B1	Genion	36.0	20.0	1.111	1.0	3.0	0.0556	0.0556	0.0	0.075	0.225	0.35	ONT direct cDNA
direct_cDNA	ONT	B1	JAFFAL	53.0	31.0	1.17	1.0	5.0	0.0943	0.0377	0.0189	0.0806	0.2258	0.3065	ONT direct cDNA
direct_cDNA	ONT	B1	LongGF	236.0	136.0	1.153	1.0	2.0	0.1525	0.0	0.0	0.0074	0.0368	0.0735	ONT direct cDNA
direct_cDNA	ONT	B2	CTAT-LR-Fusion	1334.0	699.0	1.048	1.0	7.0	0.0405	0.003	0.0015	0.005	0.0143	0.0215	ONT direct cDNA
direct_cDNA	ONT	B2	FusionSeeker	2199.0	1846.0	1.679	1.0	88.0	0.2465	0.1082	0.0459	0.0238	0.0607	0.0842	ONT direct cDNA
direct_cDNA	ONT	B2	GFSeeker	43.0	22.0	1.023	1.0	2.0	0.0233	0.0	0.0	0.0455	0.1364	0.25	ONT direct cDNA
direct_cDNA	ONT	B2	Genion	49.0	28.0	1.143	1.0	2.0	0.1429	0.0	0.0	0.0357	0.1786	0.3036	ONT direct cDNA
direct_cDNA	ONT	B2	JAFFAL	43.0	25.0	1.163	1.0	5.0	0.093	0.0233	0.0233	0.1	0.24	0.34	ONT direct cDNA
direct_cDNA	ONT	B2	LongGF	207.0	115.0	1.111	1.0	2.0	0.1111	0.0	0.0	0.0087	0.0435	0.087	ONT direct cDNA
