porechoptrimmed_Adapter_Spiked_Simulated_100GB_nanopore2023_Q85.fastq.gz,@dd5116fd-e1a3-6843-1ea6-5dba5365c7a3,ref|ENST00000341885.6-ENST00000363721.1,+strand,0-44,chimera,ENST00000392222.7|ENSG00000114942.14|OTTHUMG00000132891.4|OTTHUMT00000336436.2|EEF1B2-203|EEF1B2|808|protein_coding|,+strand,0-808,length,845,error-free_length,881,read_identity,80.896%
porechoptrimmed_Adapter_Spiked_Simulated_100GB_nanopore2023_Q85.fastq.gz,@683b9b62-494f-bbad-cae0-90fbb9d38c58,ref|ENST00000361665.7-ENST00000513880.2-ENST00000626336.2,+strand,590-1450,chimera,ENST00000393078.5|ENSG00000196136.18|OTTHUMG00000029851.8|OTTHUMT00000530307.1|SERPINA3-201|SERPINA3|1576|protein_coding|,-strand,374-940,length,1402,error-free_length,1443,read_identity,85.619%
porechoptrimmed_Adapter_Spiked_Simulated_100GB_nanopore2023_Q85.fastq.gz,@f65cc220-4826-df40-417f-8f70dea16776,ENST00000395738.2|ENSG00000128165.9|OTTHUMG00000150202.2|OTTHUMT00000316816.1|ADM2-202|ADM2|4276|protein_coding|,-strand,1531-4276,chimera,ref|ENST00000598909.1-ENST00000611327.1,+strand,0-802,length,3422,error-free_length,3579,read_identity,81.146%
porechoptrimmed_Adapter_Spiked_Simulated_100GB_nanopore2023_Q85.fastq.gz,@176953bf-e22f-ffcc-221a-9ad0d58cd203,ENST00000353487.7|ENSG00000157837.16|OTTHUMG00000169232.7|OTTHUMT00000402980.3|SPPL3-201|SPPL3|4135|protein_coding|,+strand,3060-3748,chimera,ref|ENST00000512755.2-ENST00000657031.1,-strand,16-1077,length,1786,error-free_length,1793,read_identity,90.845%
porechoptrimmed_Adapter_Spiked_Simulated_100GB_nanopore2023_Q85.fastq.gz,@290ac3c4-140d-6938-051c-99db01f43a62,ref|ENST00000542329.2-ENST00000368756.1,+strand,0-594,chimera,ENST00000512737.6|ENSG00000243678.12|OTTHUMG00000154062.4|OTTHUMT00000268666.1|NME2-205|NME2|690|protein_coding|,-strand,530-690,length,733,error-free_length,754,read_identity,84.414%
porechoptrimmed_Adapter_Spiked_Simulated_100GB_nanopore2023_Q85.fastq.gz,@bff7a13a-dcf8-c737-57d2-610ed7813389_1,ref|ENST00000702400.1-ENST00000446580.3-ENST00000394461.2,-strand,1344-1516,chimera,ENST00000563060.6|ENSG00000149925.22|OTTHUMG00000132107.12|OTTHUMT00000435368.3|ALDOA-206|ALDOA|1550|protein_coding|,-strand,0-1550,length,1722,error-free_length,1778,read_identity,81.627%
porechoptrimmed_Adapter_Spiked_Simulated_100GB_nanopore2023_Q85.fastq.gz,@b0f82666-2bc0-d63c-89cc-1b0b651245ac,ref|ENST00000423025.6-ENST00000652936.1-ENST00000513409.1,+strand,3777-4755,chimera,ENST00000246957.10|ENSG00000126602.11|OTTHUMG00000129427.4|OTTHUMT00000251586.3|TRAP1-201|TRAP1|2223|protein_coding|,-strand,1990-2223,length,1180,error-free_length,1238,read_identity,85.283%
porechoptrimmed_Adapter_Spiked_Simulated_100GB_nanopore2023_Q85.fastq.gz,@37e2187f-a1a6-f48c-b129-42d410975fff,ENST00000393087.9|ENSG00000197249.14|OTTHUMG00000150355.6|OTTHUMT00000317770.3|SERPINA1-202|SERPINA1|3006|protein_coding|,-strand,762-1607,chimera,ref|ENST00000543397.1-ENST00000637035.1,-strand,2133-2754,length,1471,error-free_length,1511,read_identity,84.211%
porechoptrimmed_Adapter_Spiked_Simulated_100GB_nanopore2023_Q85.fastq.gz,@d3d82c64-c340-e661-72ac-aa310b6103dc_1,ref|ENST00000412778.4-ENST00000412778.4,+strand,0-718,chimera,ENST00000347970.7|ENSG00000184277.13|OTTHUMG00000149872.5|OTTHUMT00000313622.2|TM2D3-202|TM2D3|1329|protein_coding|,+strand,0-1329,length,2045,error-free_length,2109,read_identity,82.099%
porechoptrimmed_Adapter_Spiked_Simulated_100GB_nanopore2023_Q85.fastq.gz,@ebdc719d-5e0a-36ac-26d7-825af77efa98,ENST00000442411.2|ENSG00000224057.2|OTTHUMG00000156126.1|OTTHUMT00000343091.1|EGFR-AS1-201|EGFR-AS1|2849|lncRNA|,-strand,1430-2261,chimera,ref|ENST00000667244.1-ENST00000304031.8-ENST00000484702.1,+strand,3251-3286,length,826,error-free_length,872,read_identity,84.048%
porechoptrimmed_Adapter_Spiked_Simulated_100GB_nanopore2023_Q85.fastq.gz,@6ad6acf6-8cd8-fc06-9795-5bf5d61ee120,ENST00000491306.6|ENSG00000197756.10|OTTHUMG00000133052.6|OTTHUMT00000256665.4|RPL37A-210|RPL37A|2992|protein_coding|,+strand,936-1439,chimera,ref|ENST00000466173.1-ENST00000466173.1,+strand,0-751,length,1229,error-free_length,1275,read_identity,86.288%
porechoptrimmed_Adapter_Spiked_Simulated_100GB_nanopore2023_Q85.fastq.gz,@0a2ed7a2-63be-05a5-fcc7-1b7185bcfcd7,ENST00000336916.8|ENSG00000115414.21|OTTHUMG00000133054.7|OTTHUMT00000256669.1|FN1-202|FN1|8435|protein_coding|,-strand,4797-6788,chimera,ref|ENST00000466626.1-ENST00000507216.1-ENST00000237177.10,-strand,0-405,length,2384,error-free_length,2411,read_identity,83.707%
porechoptrimmed_Adapter_Spiked_Simulated_100GB_nanopore2023_Q85.fastq.gz,@e797d32d-2cf6-7052-a5d9-215bb2933e60_1,ENST00000387347.2|ENSG00000210082.2|-|-|MT-RNR2-201|MT-RNR2|1559|Mt_rRNA|,-strand,0-1559,chimera,ref|ENST00000518521.5-ENST00000696757.1-ENST00000396267.3,-strand,6871-8694,length,3391,error-free_length,3410,read_identity,84.893%
porechoptrimmed_Adapter_Spiked_Simulated_100GB_nanopore2023_Q85.fastq.gz,@e797d32d-2cf6-7052-a5d9-215bb2933e60_2,ENST00000387347.2|ENSG00000210082.2|-|-|MT-RNR2-201|MT-RNR2|1559|Mt_rRNA|,-strand,0-1559,chimera,ref|ENST00000518521.5-ENST00000696757.1-ENST00000396267.3,-strand,6871-8694,length,3391,error-free_length,3410,read_identity,84.893%
porechoptrimmed_Adapter_Spiked_Simulated_100GB_nanopore2023_Q85.fastq.gz,@04c888e1-04cb-825b-3336-26043139b7dc,ENST00000368865.9|ENSG00000154473.18|OTTHUMG00000019197.5|OTTHUMT00000050835.3|BUB3-203|BUB3|7703|protein_coding|,-strand,3544-6470,chimera,ref|ENST00000620267.2-ENST00000620267.2,-strand,1393-2398,length,3855,error-free_length,3962,read_identity,84.877%
porechoptrimmed_Adapter_Spiked_Simulated_100GB_nanopore2023_Q85.fastq.gz,@0dc45e9b-14bb-a711-b703-d291af58c38e,ref|ENST00000495856.1-ENST00000531480.2-ENST00000608765.1,-strand,95-510,chimera,ENST00000701834.1|ENSG00000234350.7|OTTHUMG00000154055.18|-|ERICH2-DT-224|ERICH2-DT|880|lncRNA|,+strand,0-880,length,1302,error-free_length,1316,read_identity,87.111%
porechoptrimmed_Adapter_Spiked_Simulated_100GB_nanopore2023_Q85.fastq.gz,@dab36e92-809e-1c52-efe4-e26949b2895c,ENST00000380822.9|ENSG00000085231.14|OTTHUMG00000187252.3|OTTHUMT00000216793.2|AK6-202|AK6|1626|protein_coding|,+strand,0-1626,chimera,ref|ENST00000439523.1-ENST00000682513.1-ENST00000311028.4,-strand,5173-6942,length,3364,error-free_length,3427,read_identity,90.578%
porechoptrimmed_Adapter_Spiked_Simulated_100GB_nanopore2023_Q85.fastq.gz,@e93768d5-c105-1413-134e-a5eb2d8190bc_1,ref|ENST00000549711.5-ENST00000675855.1,-strand,1003-3252,chimera,ENST00000376925.8|ENSG00000101439.9|OTTHUMG00000032080.4|OTTHUMT00000078346.3|CST3-201|CST3|793|protein_coding|,-strand,0-793,length,2997,error-free_length,3074,read_identity,85.674%
porechoptrimmed_Adapter_Spiked_Simulated_100GB_nanopore2023_Q85.fastq.gz,@9b3bc835-808a-224f-8e94-07e1c224343f_1,ref|ENST00000373698.7-ENST00000439471.2,+strand,0-608,chimera,ENST00000229239.10|ENSG00000111640.15|OTTHUMG00000137379.3|OTTHUMT00000268059.2|GAPDH-201|GAPDH|1285|protein_coding|,-strand,0-1285,length,1884,error-free_length,1937,read_identity,83.581%
porechoptrimmed_Adapter_Spiked_Simulated_100GB_nanopore2023_Q85.fastq.gz,@635a6587-bbe7-fac0-e4cd-baf1fc32b8e8,ref|ENST00000562773.1-ENST00000677715.1,+strand,0-1594,chimera,ENST00000361739.1|ENSG00000198712.1|-|-|MT-CO2-201|MT-CO2|684|protein_coding|,+strand,0-684,length,2228,error-free_length,2303,read_identity,82.792%
porechoptrimmed_Adapter_Spiked_Simulated_100GB_nanopore2023_Q85.fastq.gz,@64cab816-878a-1a1c-1c6e-0de633223023,ref|ENST00000617466.1-ENST00000626243.2,+strand,0-375,chimera,ENST00000357849.9|ENSG00000121022.14|OTTHUMG00000164563.6|OTTHUMT00000379245.3|COPS5-201|COPS5|1296|protein_coding|,+strand,421-1206,length,1193,error-free_length,1209,read_identity,87.946%
porechoptrimmed_Adapter_Spiked_Simulated_100GB_nanopore2023_Q85.fastq.gz,@bb7e5029-7ed4-ea7c-af8b-fa9e10c74e55,ENST00000531188.6|ENSG00000149273.15|OTTHUMG00000165448.4|OTTHUMT00000384158.3|RPS3-217|RPS3|2059|protein_coding|,-strand,553-1979,chimera,ref|ENST00000529411.1-ENST00000618425.4-ENST00000487002.1,-strand,133-1076,length,2295,error-free_length,2395,read_identity,82.764%
porechoptrimmed_Adapter_Spiked_Simulated_100GB_nanopore2023_Q85.fastq.gz,@2e6fbe0f-ca90-158d-5bbf-f5422ba438c7,ENST00000429711.7|ENSG00000144713.13|OTTHUMG00000129804.5|OTTHUMT00000252032.3|RPL32-204|RPL32|2094|protein_coding|,-strand,802-1831,chimera,ref|ENST00000544175.3-ENST00000544175.3,+strand,216-370,length,1138,error-free_length,1183,read_identity,84.367%
porechoptrimmed_Adapter_Spiked_Simulated_100GB_nanopore2023_Q85.fastq.gz,@ea0cc461-1c09-1fdf-8db0-5819fe1fdd34,ENST00000295317.4|ENSG00000163162.9|OTTHUMG00000130685.3|OTTHUMT00000253180.3|RNF149-201|RNF149|2953|protein_coding|,-strand,139-1655,chimera,ref|ENST00000634285.1-ENST00000517094.2,+strand,0-492,length,2026,error-free_length,2066,read_identity,82.437%
porechoptrimmed_Adapter_Spiked_Simulated_100GB_nanopore2023_Q85.fastq.gz,@a5c65f20-4637-3e6a-fe9d-760707ff2f9c_1,ENST00000328703.12|ENSG00000143575.16|OTTHUMG00000035978.5|OTTHUMT00000087650.2|HAX1-201|HAX1|1109|protein_coding|,-strand,0-1109,chimera,ref|ENST00000689040.1-ENST00000564489.1,+strand,791-2810,length,3105,error-free_length,3182,read_identity,86.101%
porechoptrimmed_Adapter_Spiked_Simulated_100GB_nanopore2023_Q85.fastq.gz,@bda3ccb9-4f51-77fa-910f-ecdfe7740062,ENST00000263904.5|ENSG00000115145.10|OTTHUMG00000131885.4|OTTHUMT00000254835.3|STAM2-201|STAM2|5472|protein_coding|,-strand,4180-5472,chimera,ref|ENST00000487369.5-ENST00000538641.2-ENST00000678968.1,-strand,0-2431,length,3723,error-free_length,3735,read_identity,88.906%
porechoptrimmed_Adapter_Spiked_Simulated_100GB_nanopore2023_Q85.fastq.gz,@324c3ef1-a1a0-3f61-b36b-b8d7233426a7,ref|ENST00000439042.1-ENST00000641760.1,-strand,0-712,chimera,ENST00000350498.8|ENSG00000106244.13|OTTHUMG00000154629.3|OTTHUMT00000336388.3|PDAP1-201|PDAP1|2604|protein_coding|,-strand,1543-2604,length,1755,error-free_length,1786,read_identity,85.286%
porechoptrimmed_Adapter_Spiked_Simulated_100GB_nanopore2023_Q85.fastq.gz,@6464f4fb-30b7-68af-19a8-e7b64ed55898,ENST00000287038.8|ENSG00000156482.11|OTTHUMG00000164796.4|OTTHUMT00000380346.2|RPL30-201|RPL30|498|protein_coding|,+strand,0-498,chimera,ref|ENST00000542329.2-ENST00000368756.1,+strand,0-594,length,1052,error-free_length,1108,read_identity,78.835%
porechoptrimmed_Adapter_Spiked_Simulated_100GB_nanopore2023_Q85.fastq.gz,@96dc585d-f371-565b-b806-2902045e4742,ENST00000571903.5|ENSG00000130182.8|OTTHUMG00000177478.4|OTTHUMT00000437127.1|ZSCAN10-203|ZSCAN10|1726|retained_intron|,+strand,1465-1726,chimera,ref|ENST00000661468.1-ENST00000609997.5,-strand,0-1262,length,1553,error-free_length,1550,read_identity,89.542%
porechoptrimmed_Adapter_Spiked_Simulated_100GB_nanopore2023_Q85.fastq.gz,@ced0737d-52c6-5469-a7b0-a25f4b612a47,ENST00000469257.2|ENSG00000173812.11|OTTHUMG00000133492.6|OTTHUMT00000257390.2|EIF1-203|EIF1|2338|protein_coding|,-strand,1295-2338,chimera,ref|ENST00000702269.1-ENST00000477677.5,-strand,371-976,length,1626,error-free_length,1681,read_identity,86.912%
porechoptrimmed_Adapter_Spiked_Simulated_100GB_nanopore2023_Q85.fastq.gz,@a17f0c97-8f00-d154-1176-2c82f24b85c1,ENST00000381815.9|ENSG00000159131.17|OTTHUMG00000065628.26|OTTHUMT00000140628.3|GART-203|GART|3318|protein_coding|,+strand,1620-2629,chimera,ref|ENST00000675690.1-ENST00000417130.1,-strand,1172-2312,length,2130,error-free_length,2163,read_identity,86.106%
porechoptrimmed_Adapter_Spiked_Simulated_100GB_nanopore2023_Q85.fastq.gz,@a66d06cf-215c-334a-656f-e1710456bfa8,ref|ENST00000552438.5-ENST00000564808.6,-strand,738-1444,chimera,ENST00000336023.9|ENSG00000123416.15|OTTHUMG00000170410.2|OTTHUMT00000409005.1|TUBA1B-202|TUBA1B|1627|protein_coding|,+strand,0-1627,length,2320,error-free_length,2364,read_identity,85.801%
porechoptrimmed_Adapter_Spiked_Simulated_100GB_nanopore2023_Q85.fastq.gz,@e2f86fa4-9a17-1bdd-d68b-87f78b242246,ref|ENST00000518521.5-ENST00000696757.1-ENST00000396267.3,-strand,5800-8347,chimera,ENST00000265838.9|ENSG00000075239.14|OTTHUMG00000166381.3|OTTHUMT00000389474.1|ACAT1-201|ACAT1|1537|protein_coding|,+strand,93-1348,length,3807,error-free_length,3820,read_identity,89.838%
porechoptrimmed_Adapter_Spiked_Simulated_100GB_nanopore2023_Q85.fastq.gz,@f22b1813-371a-f152-f5ad-329acac64f0c,ENST00000339647.6|ENSG00000150991.16|OTTHUMG00000044421.6|OTTHUMT00000400183.3|UBC-201|UBC|2193|protein_coding|,-strand,1377-2193,chimera,ref|ENST00000519939.1-ENST00000519939.1,+strand,0-612,length,1401,error-free_length,1439,read_identity,85.657%
porechoptrimmed_Adapter_Spiked_Simulated_100GB_nanopore2023_Q85.fastq.gz,@b665fe0e-3e5d-0749-f3d9-e0ee1649c1dc,ref|ENST00000571051.5-ENST00000311331.12,-strand,3361-4325,chimera,ENST00000402696.9|ENSG00000091513.16|OTTHUMG00000150356.5|OTTHUMT00000317775.3|TF-201|TF|20166|protein_coding|,+strand,17283-18410,length,2031,error-free_length,2137,read_identity,84.657%
porechoptrimmed_Adapter_Spiked_Simulated_100GB_nanopore2023_Q85.fastq.gz,@389f53d5-02ed-5357-1f63-38c97e5715b5,ENST00000496447.5|ENSG00000142949.17|OTTHUMG00000007501.6|OTTHUMT00000019717.1|PTPRF-215|PTPRF|5887|protein_coding_CDS_not_defined|,-strand,3988-4867,chimera,ref|ENST00000516077.1-ENST00000580616.1,+strand,0-348,length,1220,error-free_length,1246,read_identity,85.027%
porechoptrimmed_Adapter_Spiked_Simulated_100GB_nanopore2023_Q85.fastq.gz,@eb837bcf-17b6-6a69-6b38-45d22ba35998,ENST00000361899.2|ENSG00000198899.2|-|-|MT-ATP6-201|MT-ATP6|681|protein_coding|,+strand,655-681,chimera,ref|ENST00000518521.5-ENST00000696757.1-ENST00000396267.3,+strand,6863-7164,length,354,error-free_length,358,read_identity,91.053%
porechoptrimmed_Adapter_Spiked_Simulated_100GB_nanopore2023_Q85.fastq.gz,@0c9b9249-2a66-1171-8f49-f44108767cee,ENST00000273550.12|ENSG00000167996.16|OTTHUMG00000166217.6|OTTHUMT00000388444.2|FTH1-201|FTH1|1203|protein_coding|,+strand,290-998,chimera,ref|ENST00000596112.5-ENST00000358432.8-ENST00000379034.1,-strand,1692-2062,length,1082,error-free_length,1120,read_identity,85.849%
porechoptrimmed_Adapter_Spiked_Simulated_100GB_nanopore2023_Q85.fastq.gz,@ce6c1efe-bf29-ea2f-16f7-f32fe5b8e0a2,ENST00000489915.1|ENSG00000235552.6|OTTHUMG00000158161.2|OTTHUMT00000350307.1|RPL6P27-201|RPL6P27|867|transcribed_processed_pseudogene|,-strand,0-867,chimera,ref|ENST00000276410.7-ENST00000682700.1,-strand,1161-1795,length,1486,error-free_length,1529,read_identity,87.697%
porechoptrimmed_Adapter_Spiked_Simulated_100GB_nanopore2023_Q85.fastq.gz,@60f40d33-7fa0-2fc1-df77-2aaa1c928074_1,ref|ENST00000696848.1-ENST00000696848.1,+strand,1194-1899,chimera,ENST00000295688.8|ENSG00000163468.15|OTTHUMG00000024061.8|OTTHUMT00000060602.4|CCT3-201|CCT3|1977|protein_coding|,+strand,491-1874,length,2065,error-free_length,2128,read_identity,88.437%
porechoptrimmed_Adapter_Spiked_Simulated_100GB_nanopore2023_Q85.fastq.gz,@0508c2be-5688-aea4-6230-e882fc6e7a6f,ref|ENST00000507131.5-ENST00000681663.1-ENST00000515098.5,-strand,5438-5855,chimera,ENST00000289228.7|ENSG00000115073.8|OTTHUMG00000130549.5|OTTHUMT00000252973.3|ACTR1B-201|ACTR1B|2204|protein_coding|,-strand,764-2204,length,1849,error-free_length,1889,read_identity,88.055%
porechoptrimmed_Adapter_Spiked_Simulated_100GB_nanopore2023_Q85.fastq.gz,@5edf6298-ad1e-92fa-0608-f4dc2c7d706a,ref|ENST00000377270.8-ENST00000605734.1,-strand,522-995,chimera,ENST00000574671.6|ENSG00000184009.13|OTTHUMG00000177955.9|OTTHUMT00000439925.1|ACTG1-206|ACTG1|2241|retained_intron|,+strand,1903-2241,length,822,error-free_length,814,read_identity,89.720%
porechoptrimmed_Adapter_Spiked_Simulated_100GB_nanopore2023_Q85.fastq.gz,@dbf3f6f8-e17a-64cc-7fb1-f70d922facf2,ref|ENST00000537412.5-ENST00000436471.2-ENST00000526458.1,+strand,861-1684,chimera,ENST00000436459.2|ENSG00000196205.8|OTTHUMG00000020851.3|OTTHUMT00000054813.3|EEF1A1P5-201|EEF1A1P5|1389|processed_pseudogene|,-strand,1372-1389,length,857,error-free_length,887,read_identity,84.640%
porechoptrimmed_Adapter_Spiked_Simulated_100GB_nanopore2023_Q85.fastq.gz,@9fc13c7c-b409-8137-cf1d-697189deb3d7,ref|ENST00000531857.1-ENST00000397632.7,-strand,0-578,chimera,ENST00000371317.10|ENSG00000232119.8|OTTHUMG00000022303.3|OTTHUMT00000058110.2|MCTS1-202|MCTS1|9577|protein_coding|,-strand,2393-9497,length,7493,error-free_length,7682,read_identity,84.233%
porechoptrimmed_Adapter_Spiked_Simulated_100GB_nanopore2023_Q85.fastq.gz,@6493fd40-1a44-6cbc-15d7-481ea17b7004_1,ref|ENST00000689332.1-ENST00000611461.1,+strand,0-2307,chimera,ENST00000393099.3|ENSG00000167526.14|OTTHUMG00000133770.8|OTTHUMT00000258294.2|RPL13-202|RPL13|2385|protein_coding|,-strand,1826-2385,length,2903,error-free_length,2944,read_identity,84.530%
porechoptrimmed_Adapter_Spiked_Simulated_100GB_nanopore2023_Q85.fastq.gz,@a8f5a1b4-b327-4c22-98a5-8101434f5d1b,ref|ENST00000490994.6-ENST00000703500.1-ENST00000528220.2,+strand,2532-3400,chimera,ENST00000084795.9|ENSG00000063177.13|OTTHUMG00000169760.5|OTTHUMT00000405800.1|RPL18-201|RPL18|612|protein_coding|,+strand,0-612,length,1474,error-free_length,1504,read_identity,83.631%
porechoptrimmed_Adapter_Spiked_Simulated_100GB_nanopore2023_Q85.fastq.gz,@cd3e8b22-03d9-c8de-cfb3-f756b2292609,ENST00000677638.1|ENSG00000135047.16|OTTHUMG00000020149.2|-|CTSL-222|CTSL|2682|nonsense_mediated_decay|,-strand,86-1145,chimera,ref|ENST00000587487.5-ENST00000623122.1-ENST00000592230.2,-strand,1287-1429,length,1194,error-free_length,1206,read_identity,88.124%
porechoptrimmed_Adapter_Spiked_Simulated_100GB_nanopore2023_Q85.fastq.gz,@fda56e48-9c41-332e-7b5a-4006dd55ad5c,ENST00000379055.5|ENSG00000133112.17|OTTHUMG00000016845.7|OTTHUMT00000044760.1|TPT1-202|TPT1|948|protein_coding|,+strand,0-948,chimera,ref|ENST00000655450.1-ENST00000655450.1,-strand,0-1081,length,1999,error-free_length,2032,read_identity,89.733%
porechoptrimmed_Adapter_Spiked_Simulated_100GB_nanopore2023_Q85.fastq.gz,@aadf25ac-c2f5-def6-c477-3e901b5fe892,ENST00000433866.7|ENSG00000230989.8|OTTHUMG00000176653.3|OTTHUMT00000433004.3|HSBP1-201|HSBP1|8649|protein_coding|,+strand,1391-1772,chimera,ref|ENST00000654878.1-ENST00000654878.1,+strand,1581-2817,length,1615,error-free_length,1632,read_identity,88.437%
porechoptrimmed_Adapter_Spiked_Simulated_100GB_nanopore2023_Q85.fastq.gz,@3652612f-0173-53dd-4363-92344044f6d9,ref|ENST00000558396.1-ENST00000693695.1,-strand,0-1079,chimera,ENST00000376925.8|ENSG00000101439.9|OTTHUMG00000032080.4|OTTHUMT00000078346.3|CST3-201|CST3|793|protein_coding|,-strand,0-793,length,1842,error-free_length,1890,read_identity,80.111%
porechoptrimmed_Adapter_Spiked_Simulated_100GB_nanopore2023_Q85.fastq.gz,@734018f0-2245-49a4-dae3-16967474d0ad,ENST00000313608.13|ENSG00000181610.13|OTTHUMG00000178774.4|OTTHUMT00000443301.3|MRPS23-201|MRPS23|5609|protein_coding|,-strand,1334-2785,chimera,ref|ENST00000600342.5-ENST00000473575.1,+strand,388-1264,length,2289,error-free_length,2329,read_identity,88.884%
porechoptrimmed_Adapter_Spiked_Simulated_100GB_nanopore2023_Q85.fastq.gz,@b406d24b-3b85-6747-b275-23bbbe184f21_1,ref|ENST00000381843.6-ENST00000697470.1,-strand,0-1548,chimera,ENST00000566402.2|ENSG00000174990.8|OTTHUMG00000137677.5|OTTHUMT00000430466.2|CA5A-201|CA5A|725|retained_intron|,+strand,0-725,length,2295,error-free_length,2349,read_identity,80.937%
porechoptrimmed_Adapter_Spiked_Simulated_100GB_nanopore2023_Q85.fastq.gz,@ad138b3a-1c53-8013-6d97-9d2ea58241c2,ref|ENST00000547019.1-ENST00000362381.1-ENST00000666445.1,+strand,358-882,chimera,ENST00000307864.3|ENSG00000042286.15|OTTHUMG00000018398.3|OTTHUMT00000048487.3|AIFM2-201|AIFM2|3134|protein_coding|,-strand,0-3134,length,3620,error-free_length,3684,read_identity,82.322%
porechoptrimmed_Adapter_Spiked_Simulated_100GB_nanopore2023_Q90.fastq.gz,@a6a291ff-838f-44f4-c3f1-f27c0d089c82,ref|ENST00000663551.1-ENST00000663551.1,+strand,0-674,chimera,ENST00000234590.10|ENSG00000074800.16|OTTHUMG00000001773.11|OTTHUMT00000497295.2|ENO1-201|ENO1|1781|protein_coding|,+strand,0-1781,length,2448,error-free_length,2481,read_identity,91.650%
porechoptrimmed_Adapter_Spiked_Simulated_100GB_nanopore2023_Q90.fastq.gz,@c04e4b21-0dc6-8275-91d3-636ae758aa92,ref|ENST00000644265.1-ENST00000588174.1-ENST00000483137.2,+strand,1636-4360,chimera,ENST00000602540.5|ENSG00000139289.14|OTTHUMG00000169783.2|OTTHUMT00000467760.1|PHLDA1-202|PHLDA1|5741|protein_coding|,-strand,4718-5430,length,3334,error-free_length,3446,read_identity,88.172%
porechoptrimmed_Adapter_Spiked_Simulated_100GB_nanopore2023_Q90.fastq.gz,@a041906a-c8fe-e39e-2fc5-727c9b997d46,ref|ENST00000374825.9-ENST00000688622.1,-strand,364-667,chimera,ENST00000387347.2|ENSG00000210082.2|-|-|MT-RNR2-201|MT-RNR2|1559|Mt_rRNA|,-strand,0-1559,length,1872,error-free_length,1900,read_identity,91.109%
porechoptrimmed_Adapter_Spiked_Simulated_100GB_nanopore2023_Q90.fastq.gz,@7dff3845-0716-9df7-4994-f12d4de193a7_1,ENST00000361624.2|ENSG00000198804.2|-|-|MT-CO1-201|MT-CO1|1542|protein_coding|,+strand,237-784,chimera,ref|ENST00000686495.1-ENST00000463804.6,-strand,0-1739,length,2293,error-free_length,2322,read_identity,87.412%
porechoptrimmed_Adapter_Spiked_Simulated_100GB_nanopore2023_Q90.fastq.gz,@26e9dbbd-bf00-20da-747a-41d6b97dd83e,ENST00000341567.8|ENSG00000106609.16|OTTHUMG00000129553.6|OTTHUMT00000251745.2|TMEM248-201|TMEM248|4229|protein_coding|,+strand,1848-4229,chimera,ref|ENST00000465795.1-ENST00000341037.8,-strand,2658-4163,length,3789,error-free_length,3894,read_identity,84.943%
porechoptrimmed_Adapter_Spiked_Simulated_100GB_nanopore2023_Q90.fastq.gz,@10452537-c5d3-7d61-c0ec-5a2649fae784,ENST00000399494.5|ENSG00000189403.15|OTTHUMG00000016670.8|OTTHUMT00000303982.1|HMGB1-205|HMGB1|1282|protein_coding|,-strand,0-1282,chimera,ref|ENST00000589398.1-ENST00000571735.3,+strand,417-481,length,1308,error-free_length,1367,read_identity,84.104%
porechoptrimmed_Adapter_Spiked_Simulated_100GB_nanopore2023_Q90.fastq.gz,@8665c280-0ecb-e99b-a6ba-0aba2ea4bfe8,ref|ENST00000440054.2-ENST00000626796.2-ENST00000446092.2,+strand,992-1018,chimera,ENST00000306562.8|ENSG00000171161.13|OTTHUMG00000040377.4|OTTHUMT00000097125.3|ZNF672-201|ZNF672|3045|protein_coding|,-strand,153-1032,length,909,error-free_length,927,read_identity,92.356%
porechoptrimmed_Adapter_Spiked_Simulated_100GB_nanopore2023_Q90.fastq.gz,@49949fd8-d7b5-3616-45aa-58d94670f133,ENST00000389680.2|ENSG00000211459.2|-|-|MT-RNR1-201|MT-RNR1|954|Mt_rRNA|,-strand,0-954,chimera,ref|ENST00000469560.2-ENST00000452776.1-ENST00000366651.7,-strand,634-954,length,1273,error-free_length,1274,read_identity,93.247%
porechoptrimmed_Adapter_Spiked_Simulated_100GB_nanopore2023_Q90.fastq.gz,@cc04dece-8b33-d5ad-c366-de7127853506,ENST00000567478.5|ENSG00000103534.17|OTTHUMG00000131458.5|OTTHUMT00000435891.1|TMC5-209|TMC5|2397|retained_intron|,-strand,0-2397,chimera,ref|ENST00000397030.5-ENST00000397030.5,+strand,4037-4822,length,3158,error-free_length,3195,read_identity,92.652%
porechoptrimmed_Adapter_Spiked_Simulated_100GB_nanopore2023_Q90.fastq.gz,@64aae036-b425-0d89-be7b-99035f0062fb,ENST00000481769.1|ENSG00000103126.15|OTTHUMG00000064930.5|OTTHUMT00000139444.1|AXIN1-205|AXIN1|1089|protein_coding_CDS_not_defined|,-strand,938-1039,chimera,ref|ENST00000570187.1-ENST00000568013.1,-strand,1607-2312,length,820,error-free_length,833,read_identity,93.132%
porechoptrimmed_Adapter_Spiked_Simulated_100GB_nanopore2023_Q90.fastq.gz,@63a4f101-2dd8-c068-dc10-b60f5725ad24_1,ENST00000309268.11|ENSG00000156508.19|OTTHUMG00000015031.7|OTTHUMT00000128718.2|EEF1A1-201|EEF1A1|3512|protein_coding|,+strand,1215-2846,chimera,ref|ENST00000465795.1-ENST00000341037.8,-strand,2733-3639,length,2518,error-free_length,2572,read_identity,90.723%
porechoptrimmed_Adapter_Spiked_Simulated_100GB_nanopore2023_Q90.fastq.gz,@9b3d97e3-1bea-8411-7111-4fe04164e913_1,ENST00000234831.10|ENSG00000116209.12|OTTHUMG00000008437.7|OTTHUMT00000023254.4|TMEM59-201|TMEM59|6457|protein_coding|,-strand,3807-5144,chimera,ref|ENST00000661651.1-ENST00000473006.1-ENST00000622680.2,-strand,823-1867,length,2399,error-free_length,2432,read_identity,88.266%
porechoptrimmed_Adapter_Spiked_Simulated_100GB_nanopore2023_Q90.fastq.gz,@9b3d97e3-1bea-8411-7111-4fe04164e913_2,ENST00000234831.10|ENSG00000116209.12|OTTHUMG00000008437.7|OTTHUMT00000023254.4|TMEM59-201|TMEM59|6457|protein_coding|,-strand,3807-5144,chimera,ref|ENST00000661651.1-ENST00000473006.1-ENST00000622680.2,-strand,823-1867,length,2399,error-free_length,2432,read_identity,88.266%
porechoptrimmed_Adapter_Spiked_Simulated_100GB_nanopore2023_Q90.fastq.gz,@d9dee0f9-4153-747c-424e-edb76a9e0417,ref|ENST00000523213.1-ENST00000504622.5,-strand,1135-1823,chimera,ENST00000296603.5|ENSG00000164187.7|OTTHUMG00000162150.2|OTTHUMT00000367552.2|LMBRD2-201|LMBRD2|8116|protein_coding|,+strand,5463-6863,length,2082,error-free_length,2115,read_identity,91.186%
porechoptrimmed_Adapter_Spiked_Simulated_100GB_nanopore2023_Q90.fastq.gz,@664f6f7e-d906-f2d3-3470-cd20f35c8591,ref|ENST00000643938.1-ENST00000554614.2,-strand,396-1235,chimera,ENST00000476482.2|ENSG00000185624.16|OTTHUMG00000150269.8|-|P4HB-210|P4HB|1615|retained_intron|,-strand,438-589,length,1013,error-free_length,1004,read_identity,84.019%
porechoptrimmed_Adapter_Spiked_Simulated_100GB_nanopore2023_Q90.fastq.gz,@00db4006-b0c5-cc3b-685f-ee8948e8562b,ENST00000037243.7|ENSG00000034713.8|OTTHUMG00000137613.3|OTTHUMT00000269029.2|GABARAPL2-201|GABARAPL2|974|protein_coding|,-strand,581-974,chimera,ref|ENST00000454946.2-ENST00000677671.1,-strand,2997-3383,length,808,error-free_length,828,read_identity,91.142%
porechoptrimmed_Adapter_Spiked_Simulated_100GB_nanopore2023_Q90.fastq.gz,@dc2f33f0-fc28-d039-77e1-d42b3ba55b05_1,ENST00000350697.8|ENSG00000157020.18|OTTHUMG00000128671.9|OTTHUMT00000250563.4|SEC13-202|SEC13|1359|protein_coding|,-strand,0-1359,chimera,ref|ENST00000514800.5-ENST00000301043.10-ENST00000700475.1,+strand,681-873,length,1602,error-free_length,1618,read_identity,93.603%
porechoptrimmed_Adapter_Spiked_Simulated_100GB_nanopore2023_Q90.fastq.gz,@a44d2f28-6fc2-b2cd-fe05-fd65c0e0f299_1,ENST00000331872.11|ENSG00000135821.19|OTTHUMG00000037407.3|OTTHUMT00000091043.1|GLUL-202|GLUL|7554|protein_coding|,-strand,3670-7554,chimera,ref|ENST00000569333.5-ENST00000698471.1-ENST00000262510.10,-strand,7257-7774,length,4358,error-free_length,4449,read_identity,88.328%
porechoptrimmed_Adapter_Spiked_Simulated_100GB_nanopore2023_Q90.fastq.gz,@897221fd-1c94-c3e9-25de-74ec6b948154_1,ref|ENST00000569333.5-ENST00000698471.1-ENST00000262510.10,+strand,4248-4986,chimera,ENST00000498286.6|ENSG00000135297.17|OTTHUMG00000015032.16|OTTHUMT00000041213.3|MTO1-212|MTO1|10698|protein_coding|,+strand,4095-6541,length,3153,error-free_length,3223,read_identity,89.386%
porechoptrimmed_Adapter_Spiked_Simulated_100GB_nanopore2023_Q90.fastq.gz,@987127f5-4af3-5a3c-e91f-7cd102ac051b,ENST00000373818.8|ENSG00000148180.22|OTTHUMG00000020584.8|OTTHUMT00000053861.1|GSN-204|GSN|2657|protein_coding|,-strand,0-2657,chimera,ref|ENST00000402432.4-ENST00000413246.1-ENST00000374491.3,+strand,179-698,length,3123,error-free_length,3183,read_identity,90.230%
porechoptrimmed_Adapter_Spiked_Simulated_100GB_nanopore2023_Q90.fastq.gz,@a0bd5dde-3882-85af-7e75-b3e4624b72da,ENST00000335119.4|ENSG00000185972.6|OTTHUMG00000019901.2|OTTHUMT00000052418.2|CCIN-201|CCIN|1947|protein_coding|,+strand,1531-1947,chimera,ref|ENST00000653527.1-ENST00000504993.5,+strand,0-844,length,1260,error-free_length,1261,read_identity,90.076%
porechoptrimmed_Adapter_Spiked_Simulated_100GB_nanopore2023_Q90.fastq.gz,@0772ecb3-4807-b901-2cc1-64eed1a9691f,ENST00000381401.11|ENSG00000169100.14|OTTHUMG00000021058.2|OTTHUMT00000055596.2|SLC25A6-201|SLC25A6|1451|protein_coding|,+strand,1128-1451,chimera,ref|ENST00000474148.5-ENST00000474148.5,-strand,2929-3576,length,946,error-free_length,973,read_identity,83.969%
porechoptrimmed_Adapter_Spiked_Simulated_100GB_nanopore2023_Q90.fastq.gz,@deabfa6b-c52e-511c-6477-abe9337b99a7_1,ref|ENST00000437525.3-ENST00000287152.12,-strand,1151-3085,chimera,ENST00000616701.5|ENSG00000012171.20|OTTHUMG00000156970.6|OTTHUMT00000346890.5|SEMA3B-212|SEMA3B|3184|protein_coding|,+strand,24-1945,length,3883,error-free_length,3898,read_identity,86.944%
porechoptrimmed_Adapter_Spiked_Simulated_100GB_nanopore2023_Q90.fastq.gz,@deabfa6b-c52e-511c-6477-abe9337b99a7_2,ref|ENST00000437525.3-ENST00000287152.12,-strand,1151-3085,chimera,ENST00000616701.5|ENSG00000012171.20|OTTHUMG00000156970.6|OTTHUMT00000346890.5|SEMA3B-212|SEMA3B|3184|protein_coding|,+strand,24-1945,length,3883,error-free_length,3898,read_identity,86.944%
porechoptrimmed_Adapter_Spiked_Simulated_100GB_nanopore2023_Q90.fastq.gz,@8cba19a7-a2ce-37f5-d883-54f0f323d88e,ref|ENST00000509219.2-ENST00000668193.1,-strand,435-1347,chimera,ENST00000302503.8|ENSG00000109919.10|OTTHUMG00000166926.6|OTTHUMT00000391921.3|MTCH2-201|MTCH2|2522|protein_coding|,+strand,2256-2522,length,1184,error-free_length,1195,read_identity,93.360%
porechoptrimmed_Adapter_Spiked_Simulated_100GB_nanopore2023_Q90.fastq.gz,@9a2fed28-3c86-1ba9-553e-e49748e9512b,ENST00000265028.8|ENSG00000090520.12|OTTHUMG00000156614.2|-|DNAJB11-201|DNAJB11|1640|protein_coding|,+strand,1462-1640,chimera,ref|ENST00000653527.1-ENST00000504993.5,+strand,796-844,length,224,error-free_length,231,read_identity,90.400%
porechoptrimmed_Adapter_Spiked_Simulated_100GB_nanopore2023_Q90.fastq.gz,@0afe2b5a-b031-7321-4239-506522522e55,ref|ENST00000437535.5-ENST00000432118.6-ENST00000677029.1,+strand,0-1814,chimera,ENST00000284727.9|ENSG00000154518.10|OTTHUMG00000132425.2|OTTHUMT00000255563.1|ATP5MC3-201|ATP5MC3|2587|protein_coding|,+strand,446-2034,length,3384,error-free_length,3414,read_identity,87.291%
porechoptrimmed_Adapter_Spiked_Simulated_100GB_nanopore2023_Q90.fastq.gz,@2174f47a-72a6-91af-aa51-5014cceb6f3e_1,ref|ENST00000538031.5-ENST00000650042.1,-strand,1273-1435,chimera,ENST00000393087.9|ENSG00000197249.14|OTTHUMG00000150355.6|OTTHUMT00000317770.3|SERPINA1-202|SERPINA1|3006|protein_coding|,+strand,727-2675,length,2085,error-free_length,2132,read_identity,92.431%
porechoptrimmed_Adapter_Spiked_Simulated_100GB_nanopore2023_Q90.fastq.gz,@333ce488-013e-5fbc-f74a-249609cd0085,ENST00000305699.15|ENSG00000187741.16|OTTHUMG00000173049.7|OTTHUMT00000422000.1|FANCA-201|FANCA|1430|retained_intron|,-strand,907-1430,chimera,ref|ENST00000644265.1-ENST00000588174.1-ENST00000483137.2,-strand,2079-5197,length,3553,error-free_length,3666,read_identity,82.993%
porechoptrimmed_Adapter_Spiked_Simulated_100GB_nanopore2023_Q90.fastq.gz,@187bb362-4c72-d944-c353-f26b6df8122f,ref|ENST00000689332.1-ENST00000611461.1,-strand,1614-1921,chimera,ENST00000331825.11|ENSG00000087086.15|OTTHUMG00000183332.2|OTTHUMT00000466233.2|FTL-201|FTL|871|protein_coding|,-strand,0-871,length,1164,error-free_length,1185,read_identity,89.675%
porechoptrimmed_Adapter_Spiked_Simulated_100GB_nanopore2023_Q90.fastq.gz,@5e6ebd9c-90d8-004f-6d7b-2eaefb40f2df,ENST00000549920.6|ENSG00000063177.13|OTTHUMG00000169760.5|OTTHUMT00000405732.3|RPL18-208|RPL18|643|protein_coding|,-strand,0-643,chimera,ref|ENST00000215882.10-ENST00000407142.5,-strand,4877-5202,length,946,error-free_length,970,read_identity,89.122%
porechoptrimmed_Adapter_Spiked_Simulated_100GB_nanopore2023_Q90.fastq.gz,@7f24482a-a109-64e6-bb47-735de1d160fc_1,ref|ENST00000364281.1-ENST00000616658.1,+strand,0-635,chimera,ENST00000263208.5|ENSG00000100084.14|OTTHUMG00000150134.5|OTTHUMT00000316488.2|HIRA-201|HIRA|4053|protein_coding|,-strand,1008-2182,length,1796,error-free_length,1834,read_identity,89.175%
porechoptrimmed_Adapter_Spiked_Simulated_100GB_nanopore2023_Q90.fastq.gz,@6e2b66fc-7fbb-dd58-54e1-02911a5c6cca_1,ENST00000393087.9|ENSG00000197249.14|OTTHUMG00000150355.6|OTTHUMT00000317770.3|SERPINA1-202|SERPINA1|3006|protein_coding|,-strand,1812-3006,chimera,ref|ENST00000556826.6-ENST00000423899.1-ENST00000555088.5,-strand,0-1749,length,2960,error-free_length,2974,read_identity,92.199%
porechoptrimmed_Adapter_Spiked_Simulated_100GB_nanopore2023_Q90.fastq.gz,@6e2b66fc-7fbb-dd58-54e1-02911a5c6cca_2,ENST00000393087.9|ENSG00000197249.14|OTTHUMG00000150355.6|OTTHUMT00000317770.3|SERPINA1-202|SERPINA1|3006|protein_coding|,-strand,1812-3006,chimera,ref|ENST00000556826.6-ENST00000423899.1-ENST00000555088.5,-strand,0-1749,length,2960,error-free_length,2974,read_identity,92.199%
porechoptrimmed_Adapter_Spiked_Simulated_100GB_nanopore2023_Q90.fastq.gz,@5e6d9be3-4899-febd-a127-2d59e4d15cdf_1,ref|ENST00000649802.1-ENST00000698747.1,+strand,0-2120,chimera,ENST00000272233.6|ENSG00000143878.10|OTTHUMG00000090755.4|OTTHUMT00000207500.2|RHOB-201|RHOB|2367|protein_coding|,+strand,1198-2367,length,3277,error-free_length,3343,read_identity,93.329%
porechoptrimmed_Adapter_Spiked_Simulated_100GB_nanopore2023_Q90.fastq.gz,@5e6d9be3-4899-febd-a127-2d59e4d15cdf_2,ref|ENST00000649802.1-ENST00000698747.1,+strand,0-2120,chimera,ENST00000272233.6|ENSG00000143878.10|OTTHUMG00000090755.4|OTTHUMT00000207500.2|RHOB-201|RHOB|2367|protein_coding|,+strand,1198-2367,length,3277,error-free_length,3343,read_identity,93.329%
porechoptrimmed_Adapter_Spiked_Simulated_100GB_nanopore2023_Q90.fastq.gz,@3ec33ab7-6cd4-fc51-d2c1-b59f446aeebc_1,ENST00000246194.8|ENSG00000125970.12|OTTHUMG00000032283.4|OTTHUMT00000078753.3|RALY-201|RALY|6213|protein_coding|,-strand,4127-6213,chimera,ref|ENST00000478995.2-ENST00000524859.5-ENST00000608168.1,-strand,2370-4391,length,4085,error-free_length,4151,read_identity,91.308%
porechoptrimmed_Adapter_Spiked_Simulated_100GB_nanopore2023_Q90.fastq.gz,@3ec33ab7-6cd4-fc51-d2c1-b59f446aeebc_2,ENST00000246194.8|ENSG00000125970.12|OTTHUMG00000032283.4|OTTHUMT00000078753.3|RALY-201|RALY|6213|protein_coding|,-strand,4127-6213,chimera,ref|ENST00000478995.2-ENST00000524859.5-ENST00000608168.1,-strand,2370-4391,length,4085,error-free_length,4151,read_identity,91.308%
porechoptrimmed_Adapter_Spiked_Simulated_100GB_nanopore2023_Q90.fastq.gz,@e45b8c29-5576-54de-9e62-d918dad4f982,ref|ENST00000579822.1-ENST00000581274.1,+strand,0-375,chimera,ENST00000354287.5|ENSG00000116661.11|OTTHUMG00000002072.6|OTTHUMT00000005764.3|FBXO2-201|FBXO2|1287|protein_coding|,+strand,0-1287,length,1635,error-free_length,1703,read_identity,85.091%
porechoptrimmed_Adapter_Spiked_Simulated_100GB_nanopore2023_Q90.fastq.gz,@82ecfc2e-2521-3108-31e7-cc29a6d709fa,ENST00000387347.2|ENSG00000210082.2|-|-|MT-RNR2-201|MT-RNR2|1559|Mt_rRNA|,-strand,1536-1559,chimera,ref|ENST00000490994.6-ENST00000703500.1-ENST00000528220.2,-strand,2772-5865,length,3148,error-free_length,3181,read_identity,92.083%
porechoptrimmed_Adapter_Spiked_Simulated_100GB_nanopore2023_Q90.fastq.gz,@74f4dcc9-5aba-c759-c18b-1e4a6be5f3c7,ref|ENST00000397030.5-ENST00000397030.5,-strand,445-3342,chimera,ENST00000550487.6|ENSG00000178449.9|OTTHUMG00000185635.2|OTTHUMT00000406024.3|COX14-203|COX14|484|protein_coding|,+strand,0-484,length,3361,error-free_length,3403,read_identity,94.444%
porechoptrimmed_Adapter_Spiked_Simulated_100GB_nanopore2023_Q90.fastq.gz,@8299efc6-873c-42bd-a4a3-34d9316f8bb3,ENST00000555681.1|ENSG00000188488.14|OTTHUMG00000170860.5|OTTHUMT00000410733.3|SERPINA5-208|SERPINA5|618|protein_coding|,+strand,0-618,chimera,ref|ENST00000547019.1-ENST00000362381.1-ENST00000666445.1,-strand,806-882,length,734,error-free_length,754,read_identity,90.038%
porechoptrimmed_Adapter_Spiked_Simulated_100GB_nanopore2023_Q90.fastq.gz,@3c19bea3-d1b4-bcdc-ce73-18e67e90f20a,ENST00000647835.1|ENSG00000131174.7|OTTHUMG00000022718.5|OTTHUMT00000501141.1|COX7B-203|COX7B|505|protein_coding|,+strand,0-505,chimera,ref|ENST00000490994.6-ENST00000703500.1-ENST00000528220.2,+strand,2113-3157,length,1562,error-free_length,1565,read_identity,92.126%
porechoptrimmed_Adapter_Spiked_Simulated_100GB_nanopore2023_Q90.fastq.gz,@abed952f-2b8d-90ab-974d-d8cc46f54ab7,ENST00000007390.3|ENSG00000007520.4|OTTHUMG00000047834.4|OTTHUMT00000109057.3|TSR3-201|TSR3|1210|protein_coding|,-strand,0-1210,chimera,ref|ENST00000518521.5-ENST00000696757.1-ENST00000396267.3,+strand,733-2628,length,3066,error-free_length,3131,read_identity,90.620%
porechoptrimmed_Adapter_Spiked_Simulated_100GB_nanopore2023_Q90.fastq.gz,@3a40c856-e996-1132-5f63-a9740934ea00_1,ref|ENST00000516589.1-ENST00000476806.5-ENST00000357116.4,+strand,0-872,chimera,ENST00000387347.2|ENSG00000210082.2|-|-|MT-RNR2-201|MT-RNR2|1559|Mt_rRNA|,+strand,0-1559,length,2436,error-free_length,2490,read_identity,87.365%
porechoptrimmed_Adapter_Spiked_Simulated_100GB_nanopore2023_Q90.fastq.gz,@0587d157-ce0a-4a6e-38bc-18f141df9e7c,ref|ENST00000447769.1-ENST00000529549.1,+strand,0-909,chimera,ENST00000395792.7|ENSG00000081051.8|OTTHUMG00000130011.4|OTTHUMT00000252284.4|AFP-202|AFP|2426|protein_coding|,-strand,303-1505,length,2090,error-free_length,2138,read_identity,88.054%
porechoptrimmed_Adapter_Spiked_Simulated_100GB_nanopore2023_Q90.fastq.gz,@f8e0e37a-29a2-78f0-5321-54e9928d153d,ENST00000306368.9|ENSG00000168894.10|OTTHUMG00000130182.5|OTTHUMT00000252500.2|RNF181-201|RNF181|685|protein_coding|,-strand,0-685,chimera,ref|ENST00000518198.1-ENST00000519067.5,+strand,1752-2699,length,1595,error-free_length,1632,read_identity,89.496%
porechoptrimmed_Adapter_Spiked_Simulated_100GB_nanopore2023_Q90.fastq.gz,@5485e7de-6b5b-022b-e107-b19a65da121b_1,ENST00000361453.3|ENSG00000198763.3|-|-|MT-ND2-201|MT-ND2|1042|protein_coding|,-strand,0-1042,chimera,ref|ENST00000518988.5-ENST00000518988.5,-strand,0-550,length,1641,error-free_length,1650,read_identity,87.928%
porechoptrimmed_Adapter_Spiked_Simulated_100GB_nanopore2023_Q90.fastq.gz,@32fd5209-1d57-3c4b-5c38-6d49d0376eb9,ENST00000491306.6|ENSG00000197756.10|OTTHUMG00000133052.6|OTTHUMT00000256665.4|RPL37A-210|RPL37A|2992|protein_coding|,+strand,243-1145,chimera,ref|ENST00000679469.1-ENST00000040738.10,+strand,6194-9007,length,3682,error-free_length,3756,read_identity,92.103%
porechoptrimmed_Adapter_Spiked_Simulated_100GB_nanopore2023_Q90.fastq.gz,@473370b8-882e-68e3-5415-237409bd32ae,ref|ENST00000464635.1-ENST00000464635.1,+strand,0-533,chimera,ENST00000344063.7|ENSG00000108107.15|OTTHUMG00000171991.4|OTTHUMT00000416277.2|RPL28-201|RPL28|4209|protein_coding|,+strand,3750-4209,length,1021,error-free_length,1020,read_identity,93.555%
porechoptrimmed_Adapter_Spiked_Simulated_100GB_nanopore2023_Q90.fastq.gz,@d859b6ea-6224-89da-6718-e9c13a20cb4f,ENST00000268220.12|ENSG00000140612.14|OTTHUMG00000172489.5|OTTHUMT00000418777.2|SEC11A-201|SEC11A|1079|protein_coding|,-strand,0-1079,chimera,ref|ENST00000553409.5-ENST00000686474.2-ENST00000584525.5,-strand,1372-4379,length,4076,error-free_length,4109,read_identity,92.114%
porechoptrimmed_Adapter_Spiked_Simulated_100GB_nanopore2023_Q90.fastq.gz,@0d70c26a-f43b-071a-82b6-e198aa70d017,ENST00000669517.1|ENSG00000258867.8|OTTHUMG00000170740.80|OTTHUMT00000517762.1|HISLA-270|HISLA|1752|lncRNA|,-strand,664-1442,chimera,ref|ENST00000418638.1-ENST00000675799.1,+strand,770-926,length,935,error-free_length,940,read_identity,90.622%
porechoptrimmed_Adapter_Spiked_Simulated_100GB_nanopore2023_Q90.fastq.gz,@de140aa8-a97d-c6a2-bcc7-36dba9a423c3,ref|ENST00000361886.4-ENST00000361886.4,+strand,1160-1752,chimera,ENST00000387347.2|ENSG00000210082.2|-|-|MT-RNR2-201|MT-RNR2|1559|Mt_rRNA|,+strand,1009-1559,length,1157,error-free_length,1169,read_identity,94.649%
porechoptrimmed_Adapter_Spiked_Simulated_100GB_nanopore2023_Q90.fastq.gz,@99cb9912-38d1-42f8-f8f9-2f1b5f9cf9d7,ref|ENST00000557165.5-ENST00000380243.9,+strand,15012-15718,chimera,ENST00000689177.1|ENSG00000100241.22|OTTHUMG00000150204.4|OTTHUMT00000316824.1|SBF1-242|SBF1|7335|retained_intron|,+strand,6205-7335,length,1843,error-free_length,1851,read_identity,90.762%
porechoptrimmed_Adapter_Spiked_Simulated_100GB_nanopore2023_Q90.fastq.gz,@00521ed4-71a9-c609-bb38-315104c33101,ref|ENST00000490051.1-ENST00000490051.1,+strand,0-534,chimera,ENST00000527673.2|ENSG00000118181.11|OTTHUMG00000166350.2|OTTHUMT00000389324.2|RPS25-202|RPS25|483|protein_coding|,-strand,0-483,length,1040,error-free_length,1057,read_identity,88.970%
porechoptrimmed_Adapter_Spiked_Simulated_100GB_nanopore2023_Q90.fastq.gz,@6823b948-0ab2-83cd-456f-1f57343a67d9,ref|ENST00000679469.1-ENST00000040738.10,+strand,5148-5949,chimera,ENST00000571133.6|ENSG00000171490.13|OTTHUMG00000129824.6|OTTHUMT00000252059.4|RSL1D1-204|RSL1D1|5440|protein_coding|,-strand,4065-4636,length,1360,error-free_length,1380,read_identity,93.343%
porechoptrimmed_Adapter_Spiked_Simulated_100GB_nanopore2023_Q90.fastq.gz,@0ca74b67-9ddd-ee2f-70ce-a12d96f1d029_1,ENST00000358656.9|ENSG00000181135.16|OTTHUMG00000165146.4|OTTHUMT00000382185.1|ZNF707-201|ZNF707|2185|protein_coding|,-strand,428-2136,chimera,ref|ENST00000702013.1-ENST00000267377.3,-strand,0-631,length,2309,error-free_length,2362,read_identity,88.303%
porechoptrimmed_Adapter_Spiked_Simulated_100GB_nanopore2023_Q90.fastq.gz,@58f5aa12-1514-6487-201e-de8bbfaa00f6,ENST00000234831.10|ENSG00000116209.12|OTTHUMG00000008437.7|OTTHUMT00000023254.4|TMEM59-201|TMEM59|6457|protein_coding|,+strand,798-1729,chimera,ref|ENST00000585931.5-ENST00000567105.5-ENST00000495845.1,-strand,0-1299,length,2227,error-free_length,2254,read_identity,87.073%
porechoptrimmed_Adapter_Spiked_Simulated_100GB_nanopore2023_Q90.fastq.gz,@35d90fc8-00d4-cd20-7226-9ea8f4b48726_1,ref|ENST00000495527.5-ENST00000495527.5,+strand,10906-12584,chimera,ENST00000287218.9|ENSG00000156639.12|OTTHUMG00000014629.7|OTTHUMT00000040424.4|ZFAND3-201|ZFAND3|3138|protein_coding|,-strand,0-3138,length,4694,error-free_length,4845,read_identity,88.643%
porechoptrimmed_Adapter_Spiked_Simulated_100GB_nanopore2023_Q90.fastq.gz,@35d90fc8-00d4-cd20-7226-9ea8f4b48726_2,ref|ENST00000495527.5-ENST00000495527.5,+strand,10906-12584,chimera,ENST00000287218.9|ENSG00000156639.12|OTTHUMG00000014629.7|OTTHUMT00000040424.4|ZFAND3-201|ZFAND3|3138|protein_coding|,-strand,0-3138,length,4694,error-free_length,4845,read_identity,88.643%
porechoptrimmed_Adapter_Spiked_Simulated_100GB_nanopore2023_Q90.fastq.gz,@9ae2e95e-2007-71e8-b0b1-bdfdf68c31d5_1,ref|ENST00000538031.5-ENST00000650042.1,-strand,0-1435,chimera,ENST00000331872.11|ENSG00000135821.19|OTTHUMG00000037407.3|OTTHUMT00000091043.1|GLUL-202|GLUL|7554|protein_coding|,+strand,105-2405,length,3772,error-free_length,3812,read_identity,88.739%
porechoptrimmed_Adapter_Spiked_Simulated_100GB_nanopore2023_Q90.fastq.gz,@9ae2e95e-2007-71e8-b0b1-bdfdf68c31d5_2,ref|ENST00000538031.5-ENST00000650042.1,-strand,0-1435,chimera,ENST00000331872.11|ENSG00000135821.19|OTTHUMG00000037407.3|OTTHUMT00000091043.1|GLUL-202|GLUL|7554|protein_coding|,+strand,105-2405,length,3772,error-free_length,3812,read_identity,88.739%
porechoptrimmed_Adapter_Spiked_Simulated_100GB_nanopore2023_Q90.fastq.gz,@895b03fc-f8be-766d-dc85-72b12863813a,ref|ENST00000679469.1-ENST00000040738.10,-strand,1381-3520,chimera,ENST00000396854.8|ENSG00000100926.15|OTTHUMG00000029322.8|OTTHUMT00000073137.3|TM9SF1-202|TM9SF1|2055|protein_coding|,-strand,875-1017,length,2266,error-free_length,2300,read_identity,93.697%
porechoptrimmed_Adapter_Spiked_Simulated_100GB_nanopore2023_Q90.fastq.gz,@661e92f7-b931-e9d9-f385-d08c410b5451,ref|ENST00000472401.5-ENST00000611502.1,-strand,0-425,chimera,ENST00000366777.4|ENSG00000163050.18|OTTHUMG00000037621.6|OTTHUMT00000091709.2|COQ8A-201|COQ8A|2866|protein_coding|,+strand,1150-2866,length,2098,error-free_length,2162,read_identity,88.949%
porechoptrimmed_Adapter_Spiked_Simulated_100GB_nanopore2023_Q90.fastq.gz,@70453bfe-888a-c08b-c8d0-31217b96cca1,ref|ENST00000620267.2-ENST00000620267.2,+strand,5029-6070,chimera,ENST00000229379.3|ENSG00000111775.3|OTTHUMG00000047791.4|OTTHUMT00000108984.4|COX6A1-201|COX6A1|537|protein_coding|,-strand,0-537,length,1564,error-free_length,1585,read_identity,92.804%
porechoptrimmed_Adapter_Spiked_Simulated_100GB_nanopore2023_Q90.fastq.gz,@4cbf31cc-d816-1cee-c1d1-82a450065786,ref|ENST00000579822.1-ENST00000581274.1,-strand,0-375,chimera,ENST00000260379.11|ENSG00000137818.12|OTTHUMG00000172087.3|OTTHUMT00000257195.4|RPLP1-201|RPLP1|1174|protein_coding|,+strand,2-982,length,1367,error-free_length,1379,read_identity,93.503%
porechoptrimmed_Adapter_Spiked_Simulated_100GB_nanopore2023_Q90.fastq.gz,@4e53327a-aa57-953d-c994-687a4b1174cc,ENST00000575087.5|ENSG00000184009.13|OTTHUMG00000177955.9|OTTHUMT00000439928.2|ACTG1-207|ACTG1|2001|protein_coding|,+strand,0-2001,chimera,ref|ENST00000657426.1-ENST00000661083.2,+strand,1129-1950,length,2747,error-free_length,2846,read_identity,86.934%
porechoptrimmed_Adapter_Spiked_Simulated_100GB_nanopore2023_Q90.fastq.gz,@4d5701c3-08f8-1c81-5103-792c24fb2bc6_1,ref|ENST00000361665.7-ENST00000513880.2-ENST00000626336.2,+strand,762-1991,chimera,ENST00000199389.11|ENSG00000086232.13|OTTHUMG00000090689.15|OTTHUMT00000207373.4|EIF2AK1-201|EIF2AK1|4411|protein_coding|,-strand,3832-4411,length,1842,error-free_length,1852,read_identity,94.180%
porechoptrimmed_Adapter_Spiked_Simulated_100GB_nanopore2023_Q90.fastq.gz,@18a05012-3db6-04a0-1c01-75da5b2f4db4,ENST00000265462.9|ENSG00000126432.14|OTTHUMG00000168805.3|OTTHUMT00000401148.3|PRDX5-201|PRDX5|860|protein_coding|,-strand,0-860,chimera,ref|ENST00000582203.1-ENST00000612157.4,-strand,0-325,length,1150,error-free_length,1209,read_identity,81.215%
porechoptrimmed_Adapter_Spiked_Simulated_100GB_nanopore2023_Q90.fastq.gz,@b95c7e4b-bc48-fe69-b831-00b05320373d,ref|ENST00000480889.1-ENST00000480889.1,-strand,0-337,chimera,ENST00000321153.9|ENSG00000177600.9|OTTHUMG00000133317.5|OTTHUMT00000257115.3|RPLP2-201|RPLP2|462|protein_coding|,+strand,0-462,length,804,error-free_length,817,read_identity,91.361%
porechoptrimmed_Adapter_Spiked_Simulated_100GB_nanopore2023_Q90.fastq.gz,@bbbdbbdf-4ebd-e276-f759-66c77c3a07f3,ref|ENST00000476908.1-ENST00000427409.1,+strand,0-74,chimera,ENST00000358625.4|ENSG00000196363.10|OTTHUMG00000131707.3|OTTHUMT00000254621.1|WDR5-201|WDR5|3157|protein_coding|,+strand,0-3157,length,3244,error-free_length,3265,read_identity,94.970%
porechoptrimmed_Adapter_Spiked_Simulated_100GB_nanopore2023_Q90.fastq.gz,@b574c142-1a92-1efe-f204-b52661e03c3e,ref|ENST00000688044.1-ENST00000528888.5,-strand,0-2182,chimera,ENST00000697923.1|ENSG00000106804.10|OTTHUMG00000020579.4|-|C5-213|C5|9114|retained_intron|,-strand,6092-8008,length,4074,error-free_length,4142,read_identity,89.807%
porechoptrimmed_Adapter_Spiked_Simulated_100GB_nanopore2023_Q90.fastq.gz,@b95e27cc-ca78-a7d3-2291-950099f91eee_1,ENST00000417201.4|ENSG00000119446.14|OTTHUMG00000020602.3|OTTHUMT00000053928.3|RBM18-201|RBM18|4977|protein_coding|,-strand,2836-3520,chimera,ref|ENST00000656273.1-ENST00000412200.1-ENST00000521984.1,+strand,0-1852,length,2546,error-free_length,2579,read_identity,89.307%
porechoptrimmed_Adapter_Spiked_Simulated_100GB_nanopore2023_Q90.fastq.gz,@de282e52-a4f4-27bf-1b88-e12e1aefb923,ENST00000436459.2|ENSG00000196205.8|OTTHUMG00000020851.3|OTTHUMT00000054813.3|EEF1A1P5-201|EEF1A1P5|1389|processed_pseudogene|,-strand,187-1389,chimera,ref|ENST00000556826.6-ENST00000423899.1-ENST00000555088.5,-strand,0-1749,length,2935,error-free_length,2978,read_identity,86.113%
porechoptrimmed_Adapter_Spiked_Simulated_100GB_nanopore2023_Q90.fastq.gz,@b2dee50c-a2c6-a4d3-1cfd-48705bbd7bfe,ENST00000380872.9|ENSG00000187134.14|OTTHUMG00000017580.4|OTTHUMT00000046523.3|AKR1C1-202|AKR1C1|6543|protein_coding|,-strand,4448-4616,chimera,ref|ENST00000647799.1-ENST00000392168.6,+strand,2845-3100,length,427,error-free_length,433,read_identity,90.830%
porechoptrimmed_Adapter_Spiked_Simulated_100GB_nanopore2023_Q90.fastq.gz,@8558ca05-b078-6b5a-9869-2257f28e2b90_1,ENST00000463273.5|ENSG00000158874.11|OTTHUMG00000034346.3|OTTHUMT00000083046.3|APOA2-202|APOA2|469|protein_coding|,-strand,0-469,chimera,ref|ENST00000557165.5-ENST00000380243.9,-strand,11231-13210,length,2450,error-free_length,2497,read_identity,87.978%
porechoptrimmed_Adapter_Spiked_Simulated_100GB_nanopore2023_Q90.fastq.gz,@b35e6109-1c15-a428-e960-495960e3dcec,ref|ENST00000420185.1-ENST00000440074.1,-strand,0-1820,chimera,ENST00000234590.10|ENSG00000074800.16|OTTHUMG00000001773.11|OTTHUMT00000497295.2|ENO1-201|ENO1|1781|protein_coding|,-strand,0-1781,length,3612,error-free_length,3601,read_identity,93.867%
porechoptrimmed_Adapter_Spiked_Simulated_100GB_nanopore2023_Q90.fastq.gz,@d1a745f4-9986-087c-dd82-cda48bcc62e6_1,ref|ENST00000617466.1-ENST00000626243.2,+strand,0-375,chimera,ENST00000531188.6|ENSG00000149273.15|OTTHUMG00000165448.4|OTTHUMT00000384158.3|RPS3-217|RPS3|2059|protein_coding|,+strand,0-2059,length,2431,error-free_length,2473,read_identity,91.193%
porechoptrimmed_Adapter_Spiked_Simulated_100GB_nanopore2023_Q90.fastq.gz,@ba0b690b-b242-ae53-baf8-afe5af283c9c,ENST00000507754.9|ENSG00000186010.19|OTTHUMG00000162211.9|OTTHUMT00000367916.7|NDUFA13-204|NDUFA13|521|protein_coding|,+strand,298-521,chimera,ref|ENST00000453699.1-ENST00000456957.2,-strand,0-53,length,289,error-free_length,291,read_identity,89.241%
porechoptrimmed_Adapter_Spiked_Simulated_100GB_nanopore2023_Q90.fastq.gz,@fcb53613-27b4-81cb-e144-5efd50dbd8fc_1,ref|ENST00000506671.5-ENST00000681701.1,-strand,0-413,chimera,ENST00000424208.5|ENSG00000224078.15|OTTHUMG00000056661.56|OTTHUMT00000126729.2|SNHG14-202|SNHG14|3166|lncRNA|,+strand,0-3166,length,3531,error-free_length,3622,read_identity,89.642%
porechoptrimmed_Adapter_Spiked_Simulated_100GB_nanopore2023_Q90.fastq.gz,@a0c4cbf9-8c82-cd75-9eae-4712a0c5ef1e,ref|ENST00000662259.1-ENST00000662259.1,-strand,50-1018,chimera,ENST00000409784.8|ENSG00000138069.18|OTTHUMG00000152725.4|OTTHUMT00000327572.2|RAB1A-203|RAB1A|2448|protein_coding|,+strand,2334-2448,length,1107,error-free_length,1107,read_identity,88.574%
porechoptrimmed_Adapter_Spiked_Simulated_100GB_nanopore2023_Q90.fastq.gz,@ee5cb4a3-2b22-e6db-8e1b-4f305656dce9_1,ENST00000397977.8|ENSG00000104613.12|OTTHUMG00000131065.5|OTTHUMT00000253724.3|INTS10-201|INTS10|2517|protein_coding|,-strand,0-2517,chimera,ref|ENST00000406452.8-ENST00000406452.8,-strand,0-3043,length,5642,error-free_length,5615,read_identity,90.302%
porechoptrimmed_Adapter_Spiked_Simulated_100GB_nanopore2023_Q90.fastq.gz,@ee5cb4a3-2b22-e6db-8e1b-4f305656dce9_2,ENST00000397977.8|ENSG00000104613.12|OTTHUMG00000131065.5|OTTHUMT00000253724.3|INTS10-201|INTS10|2517|protein_coding|,-strand,0-2517,chimera,ref|ENST00000406452.8-ENST00000406452.8,-strand,0-3043,length,5642,error-free_length,5615,read_identity,90.302%
porechoptrimmed_Adapter_Spiked_Simulated_100GB_nanopore2023_Q90.fastq.gz,@de6e8a66-c1bf-d19b-a48c-61a5b0208825,ENST00000615277.5|ENSG00000154822.18|OTTHUMG00000155467.6|OTTHUMT00000340250.6|PLCL2-204|PLCL2|4161|protein_coding|,+strand,1341-4161,chimera,ref|ENST00000609909.1-ENST00000704547.1-ENST00000495233.6,-strand,1448-2089,length,3457,error-free_length,3484,read_identity,90.851%
porechoptrimmed_Adapter_Spiked_Simulated_100GB_nanopore2023_Q90.fastq.gz,@08a4ebaf-a256-1f6a-1aaf-4e479a1d85f5,ENST00000389680.2|ENSG00000211459.2|-|-|MT-RNR1-201|MT-RNR1|954|Mt_rRNA|,-strand,0-954,chimera,ref|ENST00000478279.6-ENST00000683712.1,+strand,0-576,length,1557,error-free_length,1582,read_identity,90.441%
porechoptrimmed_Adapter_Spiked_Simulated_100GB_nanopore2023_Q90.fastq.gz,@e4d17232-91df-b1ba-b9f7-231b4831319a,ref|ENST00000559684.1-ENST00000511063.5,-strand,606-1089,chimera,ENST00000331825.11|ENSG00000087086.15|OTTHUMG00000183332.2|OTTHUMT00000466233.2|FTL-201|FTL|871|protein_coding|,-strand,0-871,length,1351,error-free_length,1373,read_identity,86.662%
porechoptrimmed_Adapter_Spiked_Simulated_100GB_nanopore2023_Q90.fastq.gz,@227ff017-c9b7-436a-a865-0946e8348620_1,ENST00000651975.1|ENSG00000171560.17|OTTHUMG00000150330.6|OTTHUMT00000317593.2|FGA-202|FGA|3655|protein_coding|,-strand,1572-3655,chimera,ref|ENST00000361352.9-ENST00000450451.1,-strand,398-1088,length,2756,error-free_length,2803,read_identity,90.413%
porechoptrimmed_Adapter_Spiked_Simulated_100GB_nanopore2023_Q90.fastq.gz,@47956428-375d-bdd7-0859-e8781881f317,ref|ENST00000527348.1-ENST00000496932.1-ENST00000446864.2,-strand,0-1214,chimera,ENST00000261890.7|ENSG00000103769.10|OTTHUMG00000133162.8|OTTHUMT00000256864.2|RAB11A-201|RAB11A|4895|protein_coding|,+strand,1324-2208,length,2084,error-free_length,2134,read_identity,87.750%
porechoptrimmed_Adapter_Spiked_Simulated_100GB_nanopore2023_Q90.fastq.gz,@818c3777-d9d3-721a-d96f-e607b107e274,ref|ENST00000483679.1-ENST00000341119.10,-strand,631-1849,chimera,ENST00000265689.9|ENSG00000110721.12|OTTHUMG00000167424.5|OTTHUMT00000394570.2|CHKA-201|CHKA|2714|protein_coding|,+strand,1602-2714,length,2299,error-free_length,2335,read_identity,93.148%
porechoptrimmed_Adapter_Spiked_Simulated_100GB_nanopore2023_Q90.fastq.gz,@0ad6b724-d167-bab8-9570-e956484e4d68_1,ref|ENST00000417464.6-ENST00000478088.1-ENST00000537918.1,-strand,0-775,chimera,ENST00000265229.12|ENSG00000082515.18|OTTHUMG00000130190.3|OTTHUMT00000377471.1|MRPL22-201|MRPL22|3035|protein_coding|,+strand,1766-3035,length,1996,error-free_length,2072,read_identity,85.263%
porechoptrimmed_Adapter_Spiked_Simulated_100GB_nanopore2023_Q90.fastq.gz,@b4d248c0-9e03-4645-ce24-e86aa282ffca,ENST00000329251.5|ENSG00000254772.10|OTTHUMG00000167567.2|OTTHUMT00000395047.2|EEF1G-201|EEF1G|1446|protein_coding|,+strand,0-1446,chimera,ref|ENST00000412117.1-ENST00000513578.5,-strand,0-831,length,2226,error-free_length,2277,read_identity,88.368%
porechoptrimmed_Adapter_Spiked_Simulated_100GB_nanopore2023_Q90.fastq.gz,@99cec548-3242-6295-8a0f-d6d2954fb2a1,ref|ENST00000512517.1-ENST00000641688.3,-strand,0-839,chimera,ENST00000550735.7|ENSG00000089022.14|OTTHUMG00000169605.7|OTTHUMT00000405015.5|MAPKAPK5-206|MAPKAPK5|11083|protein_coding|,+strand,10252-11083,length,1677,error-free_length,1685,read_identity,90.269%
porechoptrimmed_Adapter_Spiked_Simulated_100GB_nanopore2023_Q95.fastq.gz,@b37397c7-4854-fc54-d7f4-aa70cf369463_1,ref|ENST00000437525.3-ENST00000287152.12,+strand,2001-3263,chimera,ENST00000309268.11|ENSG00000156508.19|OTTHUMG00000015031.7|OTTHUMT00000128718.2|EEF1A1-201|EEF1A1|3512|protein_coding|,-strand,1120-2149,length,2318,error-free_length,2334,read_identity,91.955%
porechoptrimmed_Adapter_Spiked_Simulated_100GB_nanopore2023_Q95.fastq.gz,@14f76337-83b1-4e7b-d78c-215239bbe58e,ref|ENST00000587487.5-ENST00000623122.1-ENST00000592230.2,+strand,0-1429,chimera,ENST00000479035.7|ENSG00000125691.14|OTTHUMG00000133118.6|OTTHUMT00000256785.4|RPL23-206|RPL23|2706|protein_coding|,-strand,2650-2706,length,1502,error-free_length,1490,read_identity,91.296%
porechoptrimmed_Adapter_Spiked_Simulated_100GB_nanopore2023_Q95.fastq.gz,@53f3e313-323c-54cb-1a4c-7006ea5c799a,ref|ENST00000408373.1-ENST00000358866.10,-strand,0-2834,chimera,ENST00000489434.3|ENSG00000107819.15|OTTHUMG00000018921.5|OTTHUMT00000049917.2|SFXN3-206|SFXN3|744|nonsense_mediated_decay|,+strand,0-744,length,3592,error-free_length,3599,read_identity,97.305%
porechoptrimmed_Adapter_Spiked_Simulated_100GB_nanopore2023_Q95.fastq.gz,@7434a81f-0779-8628-d6e1-066dee448c02,ref|ENST00000413365.1-ENST00000486759.6-ENST00000576080.1,+strand,384-1540,chimera,ENST00000402696.9|ENSG00000091513.16|OTTHUMG00000150356.5|OTTHUMT00000317775.3|TF-201|TF|20166|protein_coding|,-strand,12121-14248,length,3281,error-free_length,3304,read_identity,94.329%
porechoptrimmed_Adapter_Spiked_Simulated_100GB_nanopore2023_Q95.fastq.gz,@c570b6ff-efa7-03a9-6c70-6235fcae51e0,ref|ENST00000299540.6-ENST00000456036.2,-strand,0-1491,chimera,ENST00000449470.6|ENSG00000163682.17|OTTHUMG00000099367.7|OTTHUMT00000361018.1|RPL9-203|RPL9|1127|protein_coding|,+strand,0-1127,length,2635,error-free_length,2645,read_identity,94.150%
porechoptrimmed_Adapter_Spiked_Simulated_100GB_nanopore2023_Q95.fastq.gz,@15769123-1274-f316-800d-b15401097fd4_1,ref|ENST00000404015.2-ENST00000384664.1,+strand,0-615,chimera,ENST00000619757.5|ENSG00000177374.13|OTTHUMG00000177635.11|OTTHUMT00000438877.4|HIC1-207|HIC1|6707|protein_coding|,+strand,4632-5915,length,1894,error-free_length,1948,read_identity,88.273%
porechoptrimmed_Adapter_Spiked_Simulated_100GB_nanopore2023_Q95.fastq.gz,@18dafea2-39ca-95de-e0e6-1c6792a5cdb2_1,ref|ENST00000495527.5-ENST00000495527.5,-strand,8217-9999,chimera,ENST00000472966.1|ENSG00000171863.15|OTTHUMG00000090305.7|OTTHUMT00000322765.1|RPS7-205|RPS7|556|retained_intron|,-strand,0-556,length,2345,error-free_length,2368,read_identity,96.290%
porechoptrimmed_Adapter_Spiked_Simulated_100GB_nanopore2023_Q95.fastq.gz,@08b6f897-7251-ef0d-9b8a-2c2acc60e82e,ENST00000309268.11|ENSG00000156508.19|OTTHUMG00000015031.7|OTTHUMT00000128718.2|EEF1A1-201|EEF1A1|3512|protein_coding|,+strand,2053-2743,chimera,ref|ENST00000472401.5-ENST00000611502.1,-strand,0-425,length,1173,error-free_length,1168,read_identity,91.276%
porechoptrimmed_Adapter_Spiked_Simulated_100GB_nanopore2023_Q95.fastq.gz,@5ceebf74-edb3-6ea8-5841-707fb796a544,ref|ENST00000620267.2-ENST00000620267.2,+strand,1312-3040,chimera,ENST00000556455.1|ENSG00000187105.9|OTTHUMG00000171602.6|OTTHUMT00000414427.3|HEATR4-203|HEATR4|824|protein_coding|,-strand,0-824,length,2552,error-free_length,2555,read_identity,96.232%
porechoptrimmed_Adapter_Spiked_Simulated_100GB_nanopore2023_Q95.fastq.gz,@eade00d4-7bd3-bb2f-7ac7-646570ef942a,ENST00000651975.1|ENSG00000171560.17|OTTHUMG00000150330.6|OTTHUMT00000317593.2|FGA-202|FGA|3655|protein_coding|,+strand,2092-3583,chimera,ref|ENST00000657783.1-ENST00000657783.1,-strand,6417-7650,length,2676,error-free_length,2729,read_identity,87.354%
porechoptrimmed_Adapter_Spiked_Simulated_100GB_nanopore2023_Q95.fastq.gz,@d3334b63-9d9b-20ae-66fc-c9badeb2989c,ENST00000598742.6|ENSG00000105372.8|OTTHUMG00000182676.6|OTTHUMT00000463049.2|RPS19-206|RPS19|2021|protein_coding|,-strand,1810-2021,chimera,ref|ENST00000699412.1-ENST00000699412.1,+strand,390-1048,length,857,error-free_length,869,read_identity,93.939%
porechoptrimmed_Adapter_Spiked_Simulated_100GB_nanopore2023_Q95.fastq.gz,@4b41159c-531d-1019-c767-a138c6bae46b,ENST00000538440.6|ENSG00000050820.17|OTTHUMG00000137604.9|OTTHUMT00000434665.1|BCAR1-207|BCAR1|3192|protein_coding|,-strand,0-3192,chimera,ref|ENST00000598909.1-ENST00000611327.1,+strand,0-802,length,3964,error-free_length,4013,read_identity,95.180%
porechoptrimmed_Adapter_Spiked_Simulated_100GB_nanopore2023_Q95.fastq.gz,@f8ddd40d-ac59-efac-6246-69a31152af41,ENST00000389680.2|ENSG00000211459.2|-|-|MT-RNR1-201|MT-RNR1|954|Mt_rRNA|,-strand,250-589,chimera,ref|ENST00000645807.1-ENST00000570482.2,-strand,788-943,length,511,error-free_length,521,read_identity,91.927%
porechoptrimmed_Adapter_Spiked_Simulated_100GB_nanopore2023_Q95.fastq.gz,@612106d0-2ff5-5997-bbfd-9a352f99df26,ref|ENST00000423025.6-ENST00000652936.1-ENST00000513409.1,+strand,243-2331,chimera,ENST00000342404.8|ENSG00000150676.13|OTTHUMG00000166978.2|OTTHUMT00000392215.1|CCDC83-202|CCDC83|1975|protein_coding|,-strand,742-1634,length,2990,error-free_length,2998,read_identity,97.003%
porechoptrimmed_Adapter_Spiked_Simulated_100GB_nanopore2023_Q95.fastq.gz,@a5dfb8eb-ba78-3444-b988-ab32a4568133,ref|ENST00000646106.1-ENST00000484580.6,+strand,178-439,chimera,ENST00000293831.13|ENSG00000161960.16|OTTHUMG00000108149.16|OTTHUMT00000226952.7|EIF4A1-201|EIF4A1|1758|protein_coding|,+strand,0-1758,length,2034,error-free_length,2036,read_identity,98.736%
porechoptrimmed_Adapter_Spiked_Simulated_100GB_nanopore2023_Q95.fastq.gz,@46ef837c-9bde-838d-6155-1c50385176dd_1,ref|ENST00000653865.2-ENST00000706471.1,+strand,994-2060,chimera,ENST00000477973.5|ENSG00000163602.12|OTTHUMG00000159190.4|OTTHUMT00000353762.4|RYBP-201|RYBP|7215|protein_coding|,+strand,2055-4240,length,3300,error-free_length,3306,read_identity,98.382%
porechoptrimmed_Adapter_Spiked_Simulated_100GB_nanopore2023_Q95.fastq.gz,@e992467c-2aff-0cba-c9b7-497bd97f40d1,ref|ENST00000466506.1-ENST00000251776.8,-strand,0-662,chimera,ENST00000373715.11|ENSG00000112081.17|OTTHUMG00000014599.8|OTTHUMT00000040347.3|SRSF3-202|SRSF3|4228|protein_coding|,+strand,173-823,length,1333,error-free_length,1353,read_identity,84.524%
porechoptrimmed_Adapter_Spiked_Simulated_100GB_nanopore2023_Q95.fastq.gz,@e4bcfc89-7811-db64-78cf-e0c07427ed42,ENST00000313294.7|ENSG00000249961.10|OTTHUMG00000133562.7|OTTHUMT00000257638.2|TERB1-201|TERB1|2541|nonsense_mediated_decay|,+strand,2002-2541,chimera,ref|ENST00000656372.1-ENST00000656372.1,-strand,359-591,length,780,error-free_length,787,read_identity,97.756%
porechoptrimmed_Adapter_Spiked_Simulated_100GB_nanopore2023_Q95.fastq.gz,@ba7c75a0-d443-d260-b39a-6ddc3448b211,ref|ENST00000508845.1-ENST00000704679.1,-strand,2737-3022,chimera,ENST00000380872.9|ENSG00000187134.14|OTTHUMG00000017580.4|OTTHUMT00000046523.3|AKR1C1-202|AKR1C1|6543|protein_coding|,-strand,5878-6543,length,954,error-free_length,966,read_identity,95.156%
porechoptrimmed_Adapter_Spiked_Simulated_100GB_nanopore2023_Q95.fastq.gz,@3309057b-ef6d-883e-ac26-b82eadf39979_1,ref|ENST00000591074.1-ENST00000653917.1-ENST00000534289.5,+strand,0-1496,chimera,ENST00000328703.12|ENSG00000143575.16|OTTHUMG00000035978.5|OTTHUMT00000087650.2|HAX1-201|HAX1|1109|protein_coding|,-strand,236-1109,length,2401,error-free_length,2415,read_identity,96.204%
porechoptrimmed_Adapter_Spiked_Simulated_100GB_nanopore2023_Q95.fastq.gz,@61c749ba-b164-cd1c-f02e-d65e020559fb,ref|ENST00000657783.1-ENST00000657783.1,-strand,1224-2866,chimera,ENST00000273550.12|ENSG00000167996.16|OTTHUMG00000166217.6|OTTHUMT00000388444.2|FTH1-201|FTH1|1203|protein_coding|,+strand,0-1203,length,2870,error-free_length,2878,read_identity,98.759%
porechoptrimmed_Adapter_Spiked_Simulated_100GB_nanopore2023_Q95.fastq.gz,@cdb10261-14d8-2e72-3305-b63cba670bdf,ENST00000342665.5|ENSG00000177732.9|OTTHUMG00000031623.4|OTTHUMT00000077435.3|SOX12-201|SOX12|4673|protein_coding|,-strand,2480-3512,chimera,ref|ENST00000572389.1-ENST00000522833.5-ENST00000587986.5,+strand,2869-3085,length,1252,error-free_length,1262,read_identity,90.313%
porechoptrimmed_Adapter_Spiked_Simulated_100GB_nanopore2023_Q95.fastq.gz,@3716d0d8-4460-a378-aa6e-52ebf9bd63c2,ENST00000530022.5|ENSG00000166441.13|OTTHUMG00000165834.3|OTTHUMT00000386513.1|RPL27A-206|RPL27A|878|protein_coding|,-strand,0-878,chimera,ref|ENST00000559989.1-ENST00000534538.1,-strand,2980-4134,length,2040,error-free_length,2056,read_identity,97.069%
porechoptrimmed_Adapter_Spiked_Simulated_100GB_nanopore2023_Q95.fastq.gz,@a6ecd01d-508b-9436-de29-167d06069485_1,ref|ENST00000651287.1-ENST00000520977.2,+strand,0-966,chimera,ENST00000368954.10|ENSG00000143418.20|OTTHUMG00000035064.8|OTTHUMT00000084897.3|CERS2-205|CERS2|2323|protein_coding|,+strand,518-1638,length,2131,error-free_length,2138,read_identity,95.961%
porechoptrimmed_Adapter_Spiked_Simulated_100GB_nanopore2023_Q95.fastq.gz,@5e95428d-5d99-cd01-0690-0389479dd998,ref|ENST00000660108.1-ENST00000533488.6,-strand,147-917,chimera,ENST00000376062.6|ENSG00000171552.14|OTTHUMG00000032192.4|OTTHUMT00000078572.2|BCL2L1-203|BCL2L1|2578|protein_coding|,-strand,1394-2578,length,1976,error-free_length,1971,read_identity,95.231%
porechoptrimmed_Adapter_Spiked_Simulated_100GB_nanopore2023_Q95.fastq.gz,@945b4282-dc95-fc03-75e3-0023e5a48cf4,ENST00000534680.5|ENSG00000213563.7|OTTHUMG00000165181.3|OTTHUMT00000382505.1|C8orf82-205|C8orf82|1637|nonsense_mediated_decay|,-strand,586-1415,chimera,ref|ENST00000457067.1-ENST00000465409.1,+strand,0-1109,length,1932,error-free_length,1938,read_identity,96.195%
porechoptrimmed_Adapter_Spiked_Simulated_100GB_nanopore2023_Q95.fastq.gz,@9e3c5a32-cfc3-7c82-e7a7-b83bf08fd3da,ENST00000261313.3|ENSG00000089220.5|OTTHUMG00000168860.2|OTTHUMT00000401405.2|PEBP1-201|PEBP1|1431|protein_coding|,-strand,0-1431,chimera,ref|ENST00000578454.5-ENST00000693103.1,+strand,2302-2609,length,1762,error-free_length,1758,read_identity,95.553%
porechoptrimmed_Adapter_Spiked_Simulated_100GB_nanopore2023_Q95.fastq.gz,@af8da789-bee5-cbdd-ead2-8adf33edff78_1,ref|ENST00000678070.1-ENST00000440394.7-ENST00000563104.5,-strand,650-2598,chimera,ENST00000568666.5|ENSG00000102984.15|OTTHUMG00000176874.5|OTTHUMT00000434182.2|ZNF821-218|ZNF821|1719|protein_coding|,+strand,407-1063,length,2675,error-free_length,2670,read_identity,96.647%
porechoptrimmed_Adapter_Spiked_Simulated_100GB_nanopore2023_Q95.fastq.gz,@6427a742-e41f-9639-7dc8-2f7ad4dad508_1,ENST00000462885.1|ENSG00000213442.5|OTTHUMG00000157701.1|OTTHUMT00000349427.1|RPL18AP3-201|RPL18AP3|528|processed_pseudogene|,-strand,0-528,chimera,ref|ENST00000518198.1-ENST00000519067.5,+strand,2552-4163,length,2153,error-free_length,2175,read_identity,95.835%
porechoptrimmed_Adapter_Spiked_Simulated_100GB_nanopore2023_Q95.fastq.gz,@6093bbae-b6ca-8398-74fb-c35853fb5996,ref|ENST00000531689.5-ENST00000603052.1-ENST00000441283.1,+strand,0-751,chimera,ENST00000322623.10|ENSG00000175792.12|OTTHUMG00000159658.4|OTTHUMT00000356728.3|RUVBL1-201|RUVBL1|1899|protein_coding|,-strand,81-1030,length,1710,error-free_length,1727,read_identity,95.904%
porechoptrimmed_Adapter_Spiked_Simulated_100GB_nanopore2023_Q95.fastq.gz,@d3a0b6ca-d462-f919-a6b2-5823c9f69f47,ref|ENST00000518521.5-ENST00000696757.1-ENST00000396267.3,-strand,9880-11453,chimera,ENST00000309311.7|ENSG00000167658.16|OTTHUMG00000181790.3|OTTHUMT00000457615.3|EEF2-201|EEF2|3158|protein_coding|,+strand,2339-3158,length,2434,error-free_length,2426,read_identity,97.969%
porechoptrimmed_Adapter_Spiked_Simulated_100GB_nanopore2023_Q95.fastq.gz,@874cd1d4-3138-2463-499f-988898a406a8_1,ENST00000322203.7|ENSG00000198755.11|OTTHUMG00000014566.2|OTTHUMT00000040283.2|RPL10A-201|RPL10A|718|protein_coding|,+strand,0-718,chimera,ref|ENST00000553409.5-ENST00000686474.2-ENST00000584525.5,+strand,3240-4624,length,2131,error-free_length,2144,read_identity,94.472%
porechoptrimmed_Adapter_Spiked_Simulated_100GB_nanopore2023_Q95.fastq.gz,@fc473d9a-9937-2fb3-6268-35e9c1fcccb1,ENST00000332556.5|ENSG00000185896.11|OTTHUMG00000017380.3|OTTHUMT00000045876.3|LAMP1-201|LAMP1|2701|protein_coding|,+strand,2398-2701,chimera,ref|ENST00000706066.1-ENST00000661111.1,+strand,57-901,length,1135,error-free_length,1150,read_identity,89.408%
porechoptrimmed_Adapter_Spiked_Simulated_100GB_nanopore2023_Q95.fastq.gz,@f0337c6f-6d08-d045-67fb-1eeec81bbdf6,ref|ENST00000474148.5-ENST00000474148.5,-strand,914-2142,chimera,ENST00000331825.11|ENSG00000087086.15|OTTHUMG00000183332.2|OTTHUMT00000466233.2|FTL-201|FTL|871|protein_coding|,-strand,737-871,length,1374,error-free_length,1385,read_identity,95.966%
porechoptrimmed_Adapter_Spiked_Simulated_100GB_nanopore2023_Q95.fastq.gz,@a2556330-fce5-b3ad-15b9-3f34e1407a69,ENST00000279387.12|ENSG00000149923.14|OTTHUMG00000132113.5|OTTHUMT00000255155.3|PPP4C-201|PPP4C|1402|protein_coding|,-strand,90-1314,chimera,ref|ENST00000412778.4-ENST00000412778.4,-strand,0-718,length,1947,error-free_length,1964,read_identity,92.262%
porechoptrimmed_Adapter_Spiked_Simulated_100GB_nanopore2023_Q95.fastq.gz,@74e9184c-8724-1a88-b40f-510a0b4cd9e3,ref|ENST00000344201.7-ENST00000344201.7,+strand,0-499,chimera,ENST00000302182.8|ENSG00000170315.14|OTTHUMG00000058987.7|OTTHUMT00000130458.3|UBB-201|UBB|933|protein_coding|,-strand,0-933,length,1427,error-free_length,1435,read_identity,98.348%
porechoptrimmed_Adapter_Spiked_Simulated_100GB_nanopore2023_Q95.fastq.gz,@c74a7104-dbfe-a435-d221-014257e5c383_1,ENST00000301012.8|ENSG00000167508.12|OTTHUMG00000137865.6|OTTHUMT00000269547.3|MVD-201|MVD|1799|protein_coding|,+strand,1345-1799,chimera,ref|ENST00000648143.1-ENST00000648143.1,+strand,0-1519,length,1985,error-free_length,1995,read_identity,94.178%
porechoptrimmed_Adapter_Spiked_Simulated_100GB_nanopore2023_Q95.fastq.gz,@1a32a74a-6ef4-e5d3-9943-a6a339c22d20_1,ref|ENST00000479283.1-ENST00000620694.1-ENST00000680236.1,-strand,4353-4361,chimera,ENST00000203407.6|ENSG00000010256.11|OTTHUMG00000133539.4|OTTHUMT00000257517.2|UQCRC1-201|UQCRC1|1595|protein_coding|,-strand,244-1595,length,1393,error-free_length,1398,read_identity,95.391%
porechoptrimmed_Adapter_Spiked_Simulated_100GB_nanopore2023_Q95.fastq.gz,@7b81bb4e-a8a9-1252-29bb-1d0ccb8b9530,ref|ENST00000374255.6-ENST00000454799.6,+strand,1339-2586,chimera,ENST00000559463.5|ENSG00000108107.15|OTTHUMG00000171991.4|OTTHUMT00000416295.1|RPL28-208|RPL28|852|protein_coding|,+strand,0-852,length,2113,error-free_length,2102,read_identity,95.946%
porechoptrimmed_Adapter_Spiked_Simulated_100GB_nanopore2023_Q95.fastq.gz,@99246182-b3c6-7038-ec35-acef4ddc88b6,ENST00000630701.1|ENSG00000110245.12|OTTHUMG00000046115.8|-|APOC3-205|APOC3|541|protein_coding|,+strand,0-541,chimera,ref|ENST00000305354.5-ENST00000305354.5,+strand,0-1231,length,1763,error-free_length,1787,read_identity,90.988%
porechoptrimmed_Adapter_Spiked_Simulated_100GB_nanopore2023_Q95.fastq.gz,@3668516d-0327-08ad-f4c1-0c5a613e9534,ENST00000425368.7|ENSG00000243649.10|OTTHUMG00000031198.5|OTTHUMT00000076395.4|CFB-271|CFB|2476|protein_coding|,-strand,600-1800,chimera,ref|ENST00000653815.1-ENST00000611894.4,-strand,0-1082,length,2289,error-free_length,2290,read_identity,97.631%
porechoptrimmed_Adapter_Spiked_Simulated_100GB_nanopore2023_Q95.fastq.gz,@1c6c732d-6a40-5de0-0013-92a815330c64,ENST00000546500.5|ENSG00000135486.19|OTTHUMG00000169702.4|OTTHUMT00000405474.2|HNRNPA1-203|HNRNPA1|4121|protein_coding|,+strand,65-2129,chimera,ref|ENST00000397030.5-ENST00000397030.5,+strand,4673-4822,length,2217,error-free_length,2236,read_identity,95.347%
porechoptrimmed_Adapter_Spiked_Simulated_100GB_nanopore2023_Q95.fastq.gz,@1907525d-638a-bcea-06aa-35204a2a1b6d,ENST00000434724.7|ENSG00000103342.13|OTTHUMG00000172956.3|OTTHUMT00000421510.2|GSPT1-202|GSPT1|7141|protein_coding|,-strand,4203-7141,chimera,ref|ENST00000570187.1-ENST00000568013.1,-strand,776-1053,length,3219,error-free_length,3237,read_identity,97.763%
porechoptrimmed_Adapter_Spiked_Simulated_100GB_nanopore2023_Q95.fastq.gz,@359847d1-83a6-1d4f-0af3-acdb5f526865,ENST00000258739.9|ENSG00000136240.10|OTTHUMG00000023103.5|OTTHUMT00000059424.3|KDELR2-201|KDELR2|2786|protein_coding|,-strand,210-1643,chimera,ref|ENST00000457067.1-ENST00000465409.1,+strand,329-653,length,1760,error-free_length,1768,read_identity,97.658%
porechoptrimmed_Adapter_Spiked_Simulated_100GB_nanopore2023_Q95.fastq.gz,@82ffd796-5aa7-2556-e594-80c3c6476fdd,ENST00000233893.10|ENSG00000115541.11|OTTHUMG00000132749.3|OTTHUMT00000256112.2|HSPE1-201|HSPE1|557|protein_coding|,-strand,0-557,chimera,ref|ENST00000578454.5-ENST00000693103.1,-strand,1771-2609,length,1410,error-free_length,1411,read_identity,96.743%
porechoptrimmed_Adapter_Spiked_Simulated_100GB_nanopore2023_Q95.fastq.gz,@7198127a-451d-3271-188c-da6be568c771,ref|ENST00000504375.1-ENST00000580160.1-ENST00000380106.4,-strand,0-932,chimera,ENST00000666240.1|ENSG00000287926.1|OTTHUMG00000194065.1|OTTHUMT00000509914.1|ENST00000666240|ENSG00000287926|1007|lncRNA|,-strand,0-1007,length,1925,error-free_length,1957,read_identity,93.203%
porechoptrimmed_Adapter_Spiked_Simulated_100GB_nanopore2023_Q95.fastq.gz,@4777c220-82e9-d050-d74f-1549ae0c85d8,ref|ENST00000568310.1-ENST00000436051.1,-strand,0-968,chimera,ENST00000478778.1|ENSG00000239528.1|OTTHUMG00000157827.1|OTTHUMT00000349745.1|RPS14P8-201|RPS14P8|369|processed_pseudogene|,-strand,0-369,length,1357,error-free_length,1363,read_identity,97.974%
porechoptrimmed_Adapter_Spiked_Simulated_100GB_nanopore2023_Q95.fastq.gz,@6e3bdce8-b2e3-f6c9-bb47-c66bdc4833e3,ENST00000361789.2|ENSG00000198727.2|-|-|MT-CYB-201|MT-CYB|1141|protein_coding|,-strand,1011-1141,chimera,ref|ENST00000393276.7-ENST00000559120.1,-strand,2149-2639,length,608,error-free_length,622,read_identity,87.652%
porechoptrimmed_Adapter_Spiked_Simulated_100GB_nanopore2023_Q95.fastq.gz,@860513d3-30ec-6c20-9729-68dd31d5283a_1,ref|ENST00000578609.1-ENST00000601533.6,+strand,282-2155,chimera,ENST00000530705.6|ENSG00000133112.17|OTTHUMG00000016845.7|OTTHUMT00000044758.4|TPT1-212|TPT1|4548|protein_coding|,-strand,2017-2438,length,2322,error-free_length,2336,read_identity,96.833%
porechoptrimmed_Adapter_Spiked_Simulated_100GB_nanopore2023_Q95.fastq.gz,@e383b73c-f69d-4e74-72aa-f8c769a04cba,ref|ENST00000600342.5-ENST00000473575.1,-strand,397-810,chimera,ENST00000371464.8|ENSG00000138207.15|OTTHUMG00000018773.3|OTTHUMT00000049429.2|RBP4-201|RBP4|1070|protein_coding|,+strand,0-1070,length,1485,error-free_length,1508,read_identity,92.154%
porechoptrimmed_Adapter_Spiked_Simulated_100GB_nanopore2023_Q95.fastq.gz,@afa95acd-4f17-0abc-efea-a2e492d9350f,ref|ENST00000433548.1-ENST00000583102.1-ENST00000483444.5,-strand,0-614,chimera,ENST00000607599.6|ENSG00000258289.10|OTTHUMG00000170218.5|OTTHUMT00000408061.3|CHURC1-208|CHURC1|3615|protein_coding|,-strand,2236-2906,length,1274,error-free_length,1301,read_identity,93.388%
porechoptrimmed_Adapter_Spiked_Simulated_100GB_nanopore2023_Q95.fastq.gz,@ff988ab0-55fb-f187-9fc1-eaa06ae9c23e,ENST00000470126.1|ENSG00000008838.21|OTTHUMG00000133329.7|OTTHUMT00000257149.1|MED24-207|MED24|655|protein_coding_CDS_not_defined|,-strand,0-655,chimera,ref|ENST00000389576.4-ENST00000225275.4,+strand,802-2717,length,2594,error-free_length,2590,read_identity,99.044%
porechoptrimmed_Adapter_Spiked_Simulated_100GB_nanopore2023_Q95.fastq.gz,@11614c05-91d5-cadb-a753-11abb21f72f4,ENST00000393099.3|ENSG00000167526.14|OTTHUMG00000133770.8|OTTHUMT00000258294.2|RPL13-202|RPL13|2385|protein_coding|,+strand,524-2188,chimera,ref|ENST00000607467.1-ENST00000561902.1,-strand,0-786,length,2454,error-free_length,2453,read_identity,94.743%
porechoptrimmed_Adapter_Spiked_Simulated_100GB_nanopore2023_Q95.fastq.gz,@220e3210-542c-049a-dd06-2594aa29fb4a_1,ENST00000402696.9|ENSG00000091513.16|OTTHUMG00000150356.5|OTTHUMT00000317775.3|TF-201|TF|20166|protein_coding|,-strand,3666-8440,chimera,ref|ENST00000508845.1-ENST00000704679.1,-strand,1496-3022,length,6308,error-free_length,6351,read_identity,94.864%
porechoptrimmed_Adapter_Spiked_Simulated_100GB_nanopore2023_Q95.fastq.gz,@220e3210-542c-049a-dd06-2594aa29fb4a_2,ENST00000402696.9|ENSG00000091513.16|OTTHUMG00000150356.5|OTTHUMT00000317775.3|TF-201|TF|20166|protein_coding|,-strand,3666-8440,chimera,ref|ENST00000508845.1-ENST00000704679.1,-strand,1496-3022,length,6308,error-free_length,6351,read_identity,94.864%
porechoptrimmed_Adapter_Spiked_Simulated_100GB_nanopore2023_Q95.fastq.gz,@5ba97daf-0b35-1d88-78bb-2850ecb79b48,ref|ENST00000389576.4-ENST00000225275.4,+strand,1354-2790,chimera,ENST00000268459.6|ENSG00000140807.7|OTTHUMG00000133169.7|OTTHUMT00000256873.4|NKD1-201|NKD1|17039|protein_coding|,+strand,4172-4911,length,2172,error-free_length,2192,read_identity,95.512%
porechoptrimmed_Adapter_Spiked_Simulated_100GB_nanopore2023_Q95.fastq.gz,@028e96df-e503-b48f-262c-6eebaa4fca8c,ref|ENST00000406434.5-ENST00000465612.5,-strand,22-388,chimera,ENST00000641395.1|ENSG00000240405.7|OTTHUMG00000159017.6|OTTHUMT00000493118.1|SAMMSON-214|SAMMSON|1264|lncRNA|,+strand,0-1264,length,1618,error-free_length,1637,read_identity,89.716%
porechoptrimmed_Adapter_Spiked_Simulated_100GB_nanopore2023_Q95.fastq.gz,@686b6101-e843-a528-6490-3d350040ebe1,ENST00000256637.8|ENSG00000134243.12|OTTHUMG00000011999.5|OTTHUMT00000033179.2|SORT1-201|SORT1|6990|protein_coding|,-strand,2473-2968,chimera,ref|ENST00000620267.2-ENST00000620267.2,-strand,1469-5804,length,4810,error-free_length,4856,read_identity,95.709%
porechoptrimmed_Adapter_Spiked_Simulated_100GB_nanopore2023_Q95.fastq.gz,@73d1395d-34ef-3736-2ae1-22b5b9d3c272,ref|ENST00000560258.6-ENST00000222574.9,-strand,1532-1890,chimera,ENST00000342173.11|ENSG00000117543.22|OTTHUMG00000010829.3|OTTHUMT00000029883.1|DPH5-201|DPH5|1143|protein_coding|,-strand,0-1143,length,1495,error-free_length,1510,read_identity,97.518%
porechoptrimmed_Adapter_Spiked_Simulated_100GB_nanopore2023_Q95.fastq.gz,@7350ce7c-f7ea-493b-3506-d1421860d69f,ref|ENST00000685499.2-ENST00000480238.5,+strand,120-392,chimera,ENST00000506590.1|ENSG00000156234.8|OTTHUMG00000130201.3|OTTHUMT00000362904.2|CXCL13-202|CXCL13|540|retained_intron|,-strand,0-540,length,830,error-free_length,837,read_identity,97.310%
porechoptrimmed_Adapter_Spiked_Simulated_100GB_nanopore2023_Q95.fastq.gz,@45067b67-f618-ab11-06b4-49676d20ae0b,ref|ENST00000452765.7-ENST00000479000.1,-strand,0-280,chimera,ENST00000361381.2|ENSG00000198886.2|-|-|MT-ND4-201|MT-ND4|1378|protein_coding|,-strand,0-1378,length,1672,error-free_length,1680,read_identity,97.242%
porechoptrimmed_Adapter_Spiked_Simulated_100GB_nanopore2023_Q95.fastq.gz,@6106fd79-43f3-a2dd-9b86-d5e4c4a60741,ENST00000444415.7|ENSG00000076604.16|OTTHUMG00000132677.8|OTTHUMT00000446490.1|TRAF4-205|TRAF4|1456|protein_coding|,+strand,502-1216,chimera,ref|ENST00000518521.5-ENST00000696757.1-ENST00000396267.3,+strand,14021-14037,length,725,error-free_length,734,read_identity,93.412%
porechoptrimmed_Adapter_Spiked_Simulated_100GB_nanopore2023_Q95.fastq.gz,@c4a274f0-61aa-bf81-ad27-1ae6266e9988_1,ENST00000381342.7|ENSG00000125835.20|OTTHUMG00000031694.4|OTTHUMT00000077584.2|SNRPB-201|SNRPB|1082|protein_coding|,-strand,40-716,chimera,ref|ENST00000301149.8-ENST00000547122.5,+strand,0-1424,length,2144,error-free_length,2172,read_identity,92.166%
porechoptrimmed_Adapter_Spiked_Simulated_100GB_nanopore2023_Q95.fastq.gz,@36dd1f90-7ecf-b1c9-8cc8-efa632b2c114,ref|ENST00000678070.1-ENST00000440394.7-ENST00000563104.5,-strand,1574-2311,chimera,ENST00000335325.9|ENSG00000186187.12|OTTHUMG00000137606.5|OTTHUMT00000269020.3|ZNRF1-202|ZNRF1|4626|protein_coding|,+strand,3020-4626,length,2300,error-free_length,2352,read_identity,94.591%
porechoptrimmed_Adapter_Spiked_Simulated_100GB_nanopore2023_Q95.fastq.gz,@5bda3d56-9f96-fcf9-445b-53b4ab43419e_1,ENST00000479035.7|ENSG00000125691.14|OTTHUMG00000133118.6|OTTHUMT00000256785.4|RPL23-206|RPL23|2706|protein_coding|,+strand,0-2706,chimera,ref|ENST00000543397.1-ENST00000637035.1,-strand,1299-1794,length,3212,error-free_length,3244,read_identity,94.070%
porechoptrimmed_Adapter_Spiked_Simulated_100GB_nanopore2023_Q95.fastq.gz,@7f87390e-cf72-24f5-0221-080ac1cc1fb0,ref|ENST00000550335.5-ENST00000547321.5,-strand,0-760,chimera,ENST00000399312.3|ENSG00000243927.6|OTTHUMG00000065820.3|OTTHUMT00000141033.2|MRPS6-201|MRPS6|931|protein_coding|,+strand,769-931,length,921,error-free_length,938,read_identity,89.949%
porechoptrimmed_Adapter_Spiked_Simulated_100GB_nanopore2023_Q95.fastq.gz,@5ff03ee8-6c4e-2a09-9849-b194fd70e468,ref|ENST00000495527.5-ENST00000495527.5,-strand,14163-14535,chimera,ENST00000272065.10|ENSG00000143727.16|OTTHUMG00000086933.6|OTTHUMT00000195862.4|ACP1-201|ACP1|1474|protein_coding|,+strand,403-1114,length,1085,error-free_length,1085,read_identity,92.800%
porechoptrimmed_Adapter_Spiked_Simulated_100GB_nanopore2023_Q95.fastq.gz,@b0c32b9f-b3a5-2470-71d8-f9d9829e862c_1,ENST00000427805.6|ENSG00000241343.10|OTTHUMG00000022027.7|OTTHUMT00000057548.3|RPL36A-203|RPL36A|910|protein_coding|,-strand,0-910,chimera,ref|ENST00000411940.1-ENST00000706511.1-ENST00000610854.2,+strand,2516-4438,length,2833,error-free_length,2873,read_identity,90.108%
porechoptrimmed_Adapter_Spiked_Simulated_10GB_nanopore2023_Q85.fastq.gz,@dd5116fd-e1a3-6843-1ea6-5dba5365c7a3,ref|ENST00000341885.6-ENST00000363721.1,+strand,0-44,chimera,ENST00000392222.7|ENSG00000114942.14|OTTHUMG00000132891.4|OTTHUMT00000336436.2|EEF1B2-203|EEF1B2|808|protein_coding|,+strand,0-808,length,845,error-free_length,881,read_identity,80.896%
porechoptrimmed_Adapter_Spiked_Simulated_10GB_nanopore2023_Q85.fastq.gz,@683b9b62-494f-bbad-cae0-90fbb9d38c58,ref|ENST00000361665.7-ENST00000513880.2-ENST00000626336.2,+strand,590-1450,chimera,ENST00000393078.5|ENSG00000196136.18|OTTHUMG00000029851.8|OTTHUMT00000530307.1|SERPINA3-201|SERPINA3|1576|protein_coding|,-strand,374-940,length,1402,error-free_length,1443,read_identity,85.619%
porechoptrimmed_Adapter_Spiked_Simulated_10GB_nanopore2023_Q85.fastq.gz,@f65cc220-4826-df40-417f-8f70dea16776,ENST00000395738.2|ENSG00000128165.9|OTTHUMG00000150202.2|OTTHUMT00000316816.1|ADM2-202|ADM2|4276|protein_coding|,-strand,1531-4276,chimera,ref|ENST00000598909.1-ENST00000611327.1,+strand,0-802,length,3422,error-free_length,3579,read_identity,81.146%
porechoptrimmed_Adapter_Spiked_Simulated_10GB_nanopore2023_Q85.fastq.gz,@176953bf-e22f-ffcc-221a-9ad0d58cd203,ENST00000353487.7|ENSG00000157837.16|OTTHUMG00000169232.7|OTTHUMT00000402980.3|SPPL3-201|SPPL3|4135|protein_coding|,+strand,3060-3748,chimera,ref|ENST00000512755.2-ENST00000657031.1,-strand,16-1077,length,1786,error-free_length,1793,read_identity,90.845%
porechoptrimmed_Adapter_Spiked_Simulated_10GB_nanopore2023_Q85.fastq.gz,@290ac3c4-140d-6938-051c-99db01f43a62,ref|ENST00000542329.2-ENST00000368756.1,+strand,0-594,chimera,ENST00000512737.6|ENSG00000243678.12|OTTHUMG00000154062.4|OTTHUMT00000268666.1|NME2-205|NME2|690|protein_coding|,-strand,530-690,length,733,error-free_length,754,read_identity,84.414%
porechoptrimmed_Adapter_Spiked_Simulated_10GB_nanopore2023_Q85.fastq.gz,@bff7a13a-dcf8-c737-57d2-610ed7813389_1,ref|ENST00000702400.1-ENST00000446580.3-ENST00000394461.2,-strand,1344-1516,chimera,ENST00000563060.6|ENSG00000149925.22|OTTHUMG00000132107.12|OTTHUMT00000435368.3|ALDOA-206|ALDOA|1550|protein_coding|,-strand,0-1550,length,1722,error-free_length,1778,read_identity,81.627%
porechoptrimmed_Adapter_Spiked_Simulated_10GB_nanopore2023_Q85.fastq.gz,@b0f82666-2bc0-d63c-89cc-1b0b651245ac,ref|ENST00000423025.6-ENST00000652936.1-ENST00000513409.1,+strand,3777-4755,chimera,ENST00000246957.10|ENSG00000126602.11|OTTHUMG00000129427.4|OTTHUMT00000251586.3|TRAP1-201|TRAP1|2223|protein_coding|,-strand,1990-2223,length,1180,error-free_length,1238,read_identity,85.283%
porechoptrimmed_Adapter_Spiked_Simulated_10GB_nanopore2023_Q85.fastq.gz,@37e2187f-a1a6-f48c-b129-42d410975fff,ENST00000393087.9|ENSG00000197249.14|OTTHUMG00000150355.6|OTTHUMT00000317770.3|SERPINA1-202|SERPINA1|3006|protein_coding|,-strand,762-1607,chimera,ref|ENST00000543397.1-ENST00000637035.1,-strand,2133-2754,length,1471,error-free_length,1511,read_identity,84.211%
porechoptrimmed_Adapter_Spiked_Simulated_10GB_nanopore2023_Q85.fastq.gz,@d3d82c64-c340-e661-72ac-aa310b6103dc_1,ref|ENST00000412778.4-ENST00000412778.4,+strand,0-718,chimera,ENST00000347970.7|ENSG00000184277.13|OTTHUMG00000149872.5|OTTHUMT00000313622.2|TM2D3-202|TM2D3|1329|protein_coding|,+strand,0-1329,length,2045,error-free_length,2109,read_identity,82.099%
porechoptrimmed_Adapter_Spiked_Simulated_10GB_nanopore2023_Q85.fastq.gz,@ebdc719d-5e0a-36ac-26d7-825af77efa98,ENST00000442411.2|ENSG00000224057.2|OTTHUMG00000156126.1|OTTHUMT00000343091.1|EGFR-AS1-201|EGFR-AS1|2849|lncRNA|,-strand,1430-2261,chimera,ref|ENST00000667244.1-ENST00000304031.8-ENST00000484702.1,+strand,3251-3286,length,826,error-free_length,872,read_identity,84.048%
porechoptrimmed_Adapter_Spiked_Simulated_10GB_nanopore2023_Q85.fastq.gz,@6ad6acf6-8cd8-fc06-9795-5bf5d61ee120,ENST00000491306.6|ENSG00000197756.10|OTTHUMG00000133052.6|OTTHUMT00000256665.4|RPL37A-210|RPL37A|2992|protein_coding|,+strand,936-1439,chimera,ref|ENST00000466173.1-ENST00000466173.1,+strand,0-751,length,1229,error-free_length,1275,read_identity,86.288%
porechoptrimmed_Adapter_Spiked_Simulated_10GB_nanopore2023_Q90.fastq.gz,@a6a291ff-838f-44f4-c3f1-f27c0d089c82,ref|ENST00000663551.1-ENST00000663551.1,+strand,0-674,chimera,ENST00000234590.10|ENSG00000074800.16|OTTHUMG00000001773.11|OTTHUMT00000497295.2|ENO1-201|ENO1|1781|protein_coding|,+strand,0-1781,length,2448,error-free_length,2481,read_identity,91.650%
porechoptrimmed_Adapter_Spiked_Simulated_10GB_nanopore2023_Q90.fastq.gz,@c04e4b21-0dc6-8275-91d3-636ae758aa92,ref|ENST00000644265.1-ENST00000588174.1-ENST00000483137.2,+strand,1636-4360,chimera,ENST00000602540.5|ENSG00000139289.14|OTTHUMG00000169783.2|OTTHUMT00000467760.1|PHLDA1-202|PHLDA1|5741|protein_coding|,-strand,4718-5430,length,3334,error-free_length,3446,read_identity,88.172%
porechoptrimmed_Adapter_Spiked_Simulated_10GB_nanopore2023_Q90.fastq.gz,@a041906a-c8fe-e39e-2fc5-727c9b997d46,ref|ENST00000374825.9-ENST00000688622.1,-strand,364-667,chimera,ENST00000387347.2|ENSG00000210082.2|-|-|MT-RNR2-201|MT-RNR2|1559|Mt_rRNA|,-strand,0-1559,length,1872,error-free_length,1900,read_identity,91.109%
porechoptrimmed_Adapter_Spiked_Simulated_10GB_nanopore2023_Q90.fastq.gz,@7dff3845-0716-9df7-4994-f12d4de193a7_1,ENST00000361624.2|ENSG00000198804.2|-|-|MT-CO1-201|MT-CO1|1542|protein_coding|,+strand,237-784,chimera,ref|ENST00000686495.1-ENST00000463804.6,-strand,0-1739,length,2293,error-free_length,2322,read_identity,87.412%
porechoptrimmed_Adapter_Spiked_Simulated_10GB_nanopore2023_Q90.fastq.gz,@26e9dbbd-bf00-20da-747a-41d6b97dd83e,ENST00000341567.8|ENSG00000106609.16|OTTHUMG00000129553.6|OTTHUMT00000251745.2|TMEM248-201|TMEM248|4229|protein_coding|,+strand,1848-4229,chimera,ref|ENST00000465795.1-ENST00000341037.8,-strand,2658-4163,length,3789,error-free_length,3894,read_identity,84.943%
porechoptrimmed_Adapter_Spiked_Simulated_10GB_nanopore2023_Q90.fastq.gz,@10452537-c5d3-7d61-c0ec-5a2649fae784,ENST00000399494.5|ENSG00000189403.15|OTTHUMG00000016670.8|OTTHUMT00000303982.1|HMGB1-205|HMGB1|1282|protein_coding|,-strand,0-1282,chimera,ref|ENST00000589398.1-ENST00000571735.3,+strand,417-481,length,1308,error-free_length,1367,read_identity,84.104%
porechoptrimmed_Adapter_Spiked_Simulated_10GB_nanopore2023_Q95.fastq.gz,@b37397c7-4854-fc54-d7f4-aa70cf369463_1,ref|ENST00000437525.3-ENST00000287152.12,+strand,2001-3263,chimera,ENST00000309268.11|ENSG00000156508.19|OTTHUMG00000015031.7|OTTHUMT00000128718.2|EEF1A1-201|EEF1A1|3512|protein_coding|,-strand,1120-2149,length,2318,error-free_length,2334,read_identity,91.955%
porechoptrimmed_Adapter_Spiked_Simulated_10GB_nanopore2023_Q95.fastq.gz,@14f76337-83b1-4e7b-d78c-215239bbe58e,ref|ENST00000587487.5-ENST00000623122.1-ENST00000592230.2,+strand,0-1429,chimera,ENST00000479035.7|ENSG00000125691.14|OTTHUMG00000133118.6|OTTHUMT00000256785.4|RPL23-206|RPL23|2706|protein_coding|,-strand,2650-2706,length,1502,error-free_length,1490,read_identity,91.296%
porechoptrimmed_Adapter_Spiked_Simulated_10GB_nanopore2023_Q95.fastq.gz,@53f3e313-323c-54cb-1a4c-7006ea5c799a,ref|ENST00000408373.1-ENST00000358866.10,-strand,0-2834,chimera,ENST00000489434.3|ENSG00000107819.15|OTTHUMG00000018921.5|OTTHUMT00000049917.2|SFXN3-206|SFXN3|744|nonsense_mediated_decay|,+strand,0-744,length,3592,error-free_length,3599,read_identity,97.305%
porechoptrimmed_Adapter_Spiked_Simulated_10GB_nanopore2023_Q95.fastq.gz,@7434a81f-0779-8628-d6e1-066dee448c02,ref|ENST00000413365.1-ENST00000486759.6-ENST00000576080.1,+strand,384-1540,chimera,ENST00000402696.9|ENSG00000091513.16|OTTHUMG00000150356.5|OTTHUMT00000317775.3|TF-201|TF|20166|protein_coding|,-strand,12121-14248,length,3281,error-free_length,3304,read_identity,94.329%
porechoptrimmed_Adapter_Spiked_Simulated_10GB_nanopore2023_Q95.fastq.gz,@c570b6ff-efa7-03a9-6c70-6235fcae51e0,ref|ENST00000299540.6-ENST00000456036.2,-strand,0-1491,chimera,ENST00000449470.6|ENSG00000163682.17|OTTHUMG00000099367.7|OTTHUMT00000361018.1|RPL9-203|RPL9|1127|protein_coding|,+strand,0-1127,length,2635,error-free_length,2645,read_identity,94.150%
porechoptrimmed_Adapter_Spiked_Simulated_10GB_nanopore2023_Q95.fastq.gz,@15769123-1274-f316-800d-b15401097fd4_1,ref|ENST00000404015.2-ENST00000384664.1,+strand,0-615,chimera,ENST00000619757.5|ENSG00000177374.13|OTTHUMG00000177635.11|OTTHUMT00000438877.4|HIC1-207|HIC1|6707|protein_coding|,+strand,4632-5915,length,1894,error-free_length,1948,read_identity,88.273%
porechoptrimmed_Adapter_Spiked_Simulated_10GB_nanopore2023_Q95.fastq.gz,@18dafea2-39ca-95de-e0e6-1c6792a5cdb2_1,ref|ENST00000495527.5-ENST00000495527.5,-strand,8217-9999,chimera,ENST00000472966.1|ENSG00000171863.15|OTTHUMG00000090305.7|OTTHUMT00000322765.1|RPS7-205|RPS7|556|retained_intron|,-strand,0-556,length,2345,error-free_length,2368,read_identity,96.290%
porechoptrimmed_Adapter_Spiked_Simulated_10GB_nanopore2023_Q95.fastq.gz,@08b6f897-7251-ef0d-9b8a-2c2acc60e82e,ENST00000309268.11|ENSG00000156508.19|OTTHUMG00000015031.7|OTTHUMT00000128718.2|EEF1A1-201|EEF1A1|3512|protein_coding|,+strand,2053-2743,chimera,ref|ENST00000472401.5-ENST00000611502.1,-strand,0-425,length,1173,error-free_length,1168,read_identity,91.276%
porechoptrimmed_Adapter_Spiked_Simulated_1GB_nanopore2023_Q90.fastq.gz,@a6a291ff-838f-44f4-c3f1-f27c0d089c82,ref|ENST00000663551.1-ENST00000663551.1,+strand,0-674,chimera,ENST00000234590.10|ENSG00000074800.16|OTTHUMG00000001773.11|OTTHUMT00000497295.2|ENO1-201|ENO1|1781|protein_coding|,+strand,0-1781,length,2448,error-free_length,2481,read_identity,91.650%
porechoptrimmed_Adapter_Spiked_Simulated_1GB_nanopore2023_Q95.fastq.gz,@b37397c7-4854-fc54-d7f4-aa70cf369463_1,ref|ENST00000437525.3-ENST00000287152.12,+strand,2001-3263,chimera,ENST00000309268.11|ENSG00000156508.19|OTTHUMG00000015031.7|OTTHUMT00000128718.2|EEF1A1-201|EEF1A1|3512|protein_coding|,-strand,1120-2149,length,2318,error-free_length,2334,read_identity,91.955%
